disasterNumber,declarationDate,incidentType,title,state,lockedInCeilingAmount,mitigationDollarsAvailable,obligatedTotalAmount
4052,2012-02-01T00:00:00.000Z,Severe Storm,"SEVERE STORMS, TORNADOES, STRAIGHT-LINE WINDS, AND FLOODING",Alabama,146617.0,7566.0,146221.0
1870,2009-12-31T00:00:00.000Z,Severe Storm,SEVERE STORMS AND FLOODING,Alabama,3097396.0,1576515.0,1672344.0
1731,2007-10-24T00:00:00.000Z,Fire,"WILDFIRES, FLOODING, MUD FLOWS, AND DEBRIS FLOWS",California,42417425.0,13996680.94,39741955.06
1466,2003-05-12T00:00:00.000Z,Severe Storm,"SEVERE STORMS, TORNADOES, AND FLOODING",Alabama,4146632.0,2178710.0,3112794.0
1013,1994-03-03T00:00:00.000Z,Severe Storm,"SEVERE WINTER STORMS, FREEZING, FLOODING",Alabama,1985365.0,385010.0,1672707.0
1185,1997-07-25T00:00:00.000Z,Severe Storm,"SEVERE STORMS, FLOODING,HIGH WINDS, ASSOC WITH HURR DANNY",Alabama,1834879.0,372250.0,1523734.0
1322,2000-03-17T00:00:00.000Z,Severe Storm,SEVERE STORMS AND FLOODING,Alabama,356004.0,152642.0,305250.0
1835,2009-04-28T00:00:00.000Z,Severe Storm,"SEVERE STORMS, FLOODING, TORNADOES & STRAIGHT-LINE",Alabama,3357055.0,2152002.05,1369212.95
1908,2010-05-03T00:00:00.000Z,Severe Storm,"SEVERE STORMS, TORNADOES, STRAIGHT-LINE WINDS, AND FLOODING",Alabama,1139895.0,264224.0,931412.0
979,1993-02-03T00:00:00.000Z,Flood,"SEVERE WINTER STORM, MUD & LAND SLIDES, & FLOODING",California,12416818.0,1360571.0,11492224.0
1203,1998-02-09T00:00:00.000Z,Severe Storm,SEVERE WINTER STORMS AND FLOODING,California,39640629.0,4324792.0,36132902.0
1797,2008-09-26T00:00:00.000Z,Severe Storm,SEVERE STORMS AND FLOODING ASSOCIATED WITH HURRICANE IKE,Alabama,2087015.0,283855.0,1905215.0
1836,2009-05-08T00:00:00.000Z,Severe Storm,"SEVERE STORMS, FLOODING, TORNADOES, AND STRAIGHT-LINE WINDS",Alabama,1292960.0,690110.0,666076.0
4460,2019-09-13T00:00:00.000Z,Flood,"SEVERE STORMS, STRAIGHT-LINE WINDS, TORNADOES, AND FLOODING",Arkansas,726726.0,31690.91,840380.09
1975,2011-05-02T00:00:00.000Z,Severe Storm,"SEVERE STORMS, TORNADOES, AND ASSOCIATED FLOODING",Arkansas,11341479.0,3038104.77,8857972.23
1400,2002-01-24T00:00:00.000Z,Severe Storm,SEVERE STORMS AND FLOODING,Arkansas,408983.0,420620.0,105414.0
4174,2014-04-29T00:00:00.000Z,Severe Storm,"SEVERE STORMS,TORNADOES, AND FLOODING",Arkansas,1725612.0,12431.94,1797562.06
4226,2015-06-26T00:00:00.000Z,Severe Storm,"SEVERE STORMS, TORNADOES, STRAIGHT-LINE WINDS, AND FLOODING",Arkansas,1934422.0,24380.96,2004634.04
1861,2009-12-03T00:00:00.000Z,Severe Storm,"SEVERE STORMS, TORNADOES, AND FLOODING",Arkansas,2245692.0,1138100.0,1217406.0
1872,2010-02-04T00:00:00.000Z,Severe Storm,SEVERE STORMS AND FLOODING,Arkansas,1412465.0,62773.0,1418762.0
1176,1997-04-14T00:00:00.000Z,Flood,"FLOODING, SEVERE STORMS",Arkansas,644986.0,146930.0,525233.0
1155,1997-01-04T00:00:00.000Z,Severe Storm,"SEVERE STORMS, FLOODING, MUD AND LANDSLIDES",California,19781137.0,2612318.0,17586209.0
4703,2023-04-11T00:00:00.000Z,Severe Storm,SEVERE WINTER STORMS AND FLOODING,Arizona,18146.0,21775.0,0.0
1005,1993-10-28T00:00:00.000Z,Fire,"FIRES, MUD/LANDSLIDES, FLOODING, SOIL EROSION",California,10227728.0,1366128.0,9168962.0
4728,2023-08-15T00:00:00.000Z,Severe Storm,SEVERE STORMS AND FLOODING,Illinois,29125995.0,34951194.0,0.0
4442,2019-06-12T00:00:00.000Z,Flood,"SEVERE WINTER STORM, STRAIGHT-LINE WINDS, AND FLOODING",Minnesota,10478625.0,3984482.98,8589867.02
1044,1995-01-10T00:00:00.000Z,Severe Storm,"SEVERE WINTER STORMS, FLOODING, LANDSLIDES, MUD FLOWS",California,34739521.0,344398.0,35136508.0
4273,2016-06-25T00:00:00.000Z,Flood,"SEVERE STORMS, FLOODING, LANDSLIDES, AND MUDSLIDES",West Virginia,67122596.0,34928619.59,35476271.41
1362,2001-03-05T00:00:00.000Z,Severe Storm,SEVERE STORMS AND FLOODING,Alabama,697771.0,790867.0,106606.0
4263,2016-03-13T00:00:00.000Z,Flood,SEVERE STORMS AND FLOODING,Louisiana,28992576.0,17979024.19,12431288.81
1842,2009-06-03T00:00:00.000Z,Severe Storm,"SEVERE STORMS, TORNADOES, FLOODING, AND STRAIGHT-LINE WINDS",Alabama,2009776.0,1226256.0,881798.0
1363,2001-03-13T00:00:00.000Z,Severe Storm,SEVERE STORMS AND FLOODING,Arkansas,422206.0,111587.0,431125.0
1845,2009-06-16T00:00:00.000Z,Severe Storm,"SEVERE STORMS, TORNADOES, AND FLOODING",Arkansas,1494611.0,193298.0,1374399.0
4143,2013-09-04T00:00:00.000Z,Severe Storm,SEVERE STORMS AND FLOODING,Arkansas,1163363.0,78785.41,1141465.59
1516,2004-05-07T00:00:00.000Z,Severe Storm,"SEVER STORMS, FLOODING AND LANDSLIDES",Arkansas,507255.0,242761.0,409670.0
1528,2004-06-30T00:00:00.000Z,Severe Storm,SEVERE STORMS AND FLOODING,Arkansas,254672.0,74211.0,253348.0
4436,2019-05-21T00:00:00.000Z,Severe Storm,SNOWSTORM AND FLOODING,Arizona,82402.0,98881.0,0.0
4000,2011-07-08T00:00:00.000Z,Severe Storm,"SEVERE STORMS, TORNADOES, AND FLOODING",Arkansas,642837.0,606237.0,68035.0
890,1991-01-04T00:00:00.000Z,Flood,SEVERE STORMS & FLOODING,Alabama,206668.0,0.0,221254.0
4254,2016-02-05T00:00:00.000Z,Severe Storm,"SEVERE STORMS, TORNADOES, STRAIGHT-LINE WINDS, AND FLOODING",Arkansas,1901112.0,6148.96,1987927.04
1047,1995-04-21T00:00:00.000Z,Severe Storm,"SEVERE STORMS, FLOODING AND TORNADOES",Alabama,375120.0,3011.0,393509.0
4270,2016-05-06T00:00:00.000Z,Severe Storm,"SEVERE STORMS, TORNADOES, STRAIGHT-LINE WINDS, AND FLOODING",Arkansas,408720.0,27960.74,400745.26
1793,2008-09-18T00:00:00.000Z,Hurricane,SEVERE STORMS AND FLOODING ASSOCIATED WITH HURRICANE GUSTAV,Arkansas,605482.0,26136.0,608954.0
1108,1996-03-20T00:00:00.000Z,Severe Storm,"SEVERE STORMS, FLOODING AND TORNADOES",Alabama,151500.0,3431.0,158280.0
1019,1994-03-30T00:00:00.000Z,Severe Storm,"SEVERE STORMS, TORNADO, AND FLOODING",Alabama,688330.0,797.0,724003.0
1034,1994-07-08T00:00:00.000Z,Severe Storm,SEVERE STORMS AND FLOODING (TROPICAL STORM ALBERTO),Alabama,2048280.0,97929.0,2037146.0
1472,2003-06-06T00:00:00.000Z,Severe Storm,"SEVERE STORMS, TORNADOES, AND FLOODING",Arkansas,1041633.0,264589.0,1075159.0
1744,2008-02-07T00:00:00.000Z,Severe Storm,"SEVERE STORMS, TORNADOES, AND FLOODING",Arkansas,1753769.0,146628.0,1692900.0
1751,2008-03-26T00:00:00.000Z,Severe Storm,"SEVERE STORMS, TORNADOES, AND FLOODING",Arkansas,7634699.0,740510.0,7267526.0
1758,2008-05-20T00:00:00.000Z,Severe Storm,"SEVERE STORMS, FLOODING, AND TORNADOES",Arkansas,786895.0,237443.0,587931.0
4318,2017-06-15T00:00:00.000Z,Severe Storm,"SEVERE STORMS, TORNADOES, STRAIGHT-LINE WINDS, AND FLOODING",Arkansas,4716114.0,1091257.76,3855474.24
4251,2016-01-21T00:00:00.000Z,Severe Storm,"SEVERE STORMS, TORNADOES, STRAIGHT-LINE WINDS, AND FLOODING",Alabama,6067611.0,473325.18,5890991.82
1586,2005-04-14T00:00:00.000Z,Severe Storm,SEVERE STORMS AND FLOODING,Arizona,619099.0,690571.0,91326.0
4124,2013-06-25T00:00:00.000Z,Severe Storm,"SEVERE STORMS, TORNADOES, AND FLOODING",Arkansas,1217384.0,49216.97,1227697.03
1208,1998-03-09T00:00:00.000Z,Severe Storm,SEVERE STORMS AND FLOODING,Alabama,3177963.0,339598.0,2957963.0
856,1990-02-17T00:00:00.000Z,Severe Storm,"SEVERE STORMS, TORNADOES & FLOODING",Alabama,451939.0,128901.0,352454.0
1473,2003-06-06T00:00:00.000Z,Severe Storm,"HEAVY RAINFALL, FLOODING, LANDSLIDES, AND MUDSLIDES",American Samoa,890852.0,240772.0,895330.0
1859,2009-09-29T00:00:00.000Z,Earthquake,"EARTHQUAKE,TSUNAMI, AND FLOODING",American Samoa,19180137.0,10295406.26,9822639.74
4192,2014-09-10T00:00:00.000Z,Severe Storm,"SEVERE STORMS, FLOODING, AND LANDSLIDES",American Samoa,97901.0,50453.37,52234.63
1581,2005-02-17T00:00:00.000Z,Severe Storm,SEVERE STORMS AND FLOODING,Arizona,572278.0,608015.0,112353.0
1347,2000-10-27T00:00:00.000Z,Severe Storm,SEVERE STORMS AND FLOODING,Arizona,1305047.0,328718.0,1343739.0
861,1990-03-21T00:00:00.000Z,Severe Storm,"SEVERE STORMS, TORNADOES & FLOODING",Alabama,1691666.0,248204.0,1536474.0
1104,1996-02-23T00:00:00.000Z,Severe Storm,"SEVERE WINTER STORMS, ICE AND FLOODING",Alabama,1601689.0,10319.0,1654695.0
907,1991-05-30T00:00:00.000Z,Flood,SEVERE STORMS & FLOODING,Arkansas,298784.0,65384.0,248843.0
1660,2006-09-07T00:00:00.000Z,Severe Storm,SEVERE STORMS AND FLOODING,Arizona,1197487.0,397494.0,1123094.0
1950,2010-12-21T00:00:00.000Z,Severe Storm,SEVERE STORMS AND FLOODING,Arizona,71835.0,504.0,74844.0
865,1990-05-15T00:00:00.000Z,Flood,SEVERE STORMS & FLOODING,Arkansas,811369.0,57794.0,804268.0
1888,2010-03-18T00:00:00.000Z,Severe Storm,SEVERE WINTER STORMS AND FLOODING,Arizona,1486947.0,513204.7,1046453.3
1940,2010-10-04T00:00:00.000Z,Severe Storm,SEVERE STORMS AND FLOODING,Arizona,1796520.0,742454.0,1141916.0
1529,2004-06-30T00:00:00.000Z,Dam/Levee Break,FLOODING AS A RESULT OF A LEVEE BREAK,California,2094179.0,1752489.0,895918.0
1205,1998-02-13T00:00:00.000Z,Severe Storm,"SEVERE WINTER STORMS, HIGH WINDS, AND FLOODING",Delaware,278346.0,0.0,294298.0
4613,2021-09-01T00:00:00.000Z,Severe Storm,"SEVERE STORM, STRAIGHT-LINE WINDS, AND FLOODING",North Dakota,482315.0,113045.71,449655.29
1646,2006-06-05T00:00:00.000Z,Severe Storm,"SEVERE STORMS, FLOODING, LANDSLIDES, AND MUDSLIDES",California,2091716.0,1253574.0,1394670.0
996,1993-07-09T00:00:00.000Z,Flood,SEVERE STORMS & FLOODING,Iowa,31829750.0,138893.0,32504884.0
4206,2015-01-27T00:00:00.000Z,Flood,"SEVERE STORMS, FLOODING, AND MUDSLIDES",California,139888.0,3693.75,143035.25
1952,2011-01-26T00:00:00.000Z,Flood,"SEVERE WINTER STORMS, FLOODING, AND DEBRIS AND MUD FLOWS",California,11457103.0,1894918.49,10122435.51
4420,2019-03-21T00:00:00.000Z,Flood,"SEVERE WINTER STORM, STRAIGHT-LINE WINDS, AND FLOODING",Nebraska,45862262.0,14632578.85,40402135.15
911,1991-07-12T00:00:00.000Z,Flood,SEVERE STORMS & FLOODING,Iowa,178754.0,0.0,192811.0
4402,2018-10-18T00:00:00.000Z,Flood,"SEVERE STORMS, TORNADOES, STRAIGHT-LINE WINDS, FLOODING, AND LANDSLIDES",Wisconsin,10334983.0,943737.33,11458242.67
1884,2010-03-08T00:00:00.000Z,Severe Storm,"SEVERE WINTER STORMS, FLOODING, AND DEBRIS AND MUD FLOWS",California,7311533.0,94981.0,7574086.0
1304,1999-10-15T00:00:00.000Z,Severe Storm,"SEVERE STORMS, FLOODING, HIGH WINDS",Arizona,463160.0,585270.0,10446.0
4669,2022-09-15T00:00:00.000Z,Severe Storm,"HIGH SURF, HIGH WINDS, AND FLOODING",American Samoa,353217.0,406200.0,0.0
4203,2014-11-05T00:00:00.000Z,Flood,SEVERE STORMS AND FLOODING,Arizona,846871.0,845781.88,42501.12
869,1990-06-04T00:00:00.000Z,Severe Storm,"SEVERE STORMS, TORNADOES & FLOODING",Indiana,384615.0,0.0,410020.0
1163,1997-03-04T00:00:00.000Z,Severe Storm,"SEVERE STORM, FLOODING, AND TORNADOES",Kentucky,16207111.0,2056031.0,14591601.0
4541,2020-04-24T00:00:00.000Z,Severe Storm,"SEVERE STORMS, TORNADOES, STRAIGHT-LINE WINDS, AND FLOODING",Tennessee,9118789.0,7430403.4,3208183.6
4678,2022-11-28T00:00:00.000Z,Flood,"SEVERE STORMS, FLOODING, LANDSLIDES, AND MUDSLIDES",West Virginia,399998.0,479995.0,0.0
1094,1996-01-23T00:00:00.000Z,Flood,SEVERE STORMS AND FLOODING,Maryland,841685.0,0.0,887416.0
4679,2022-11-28T00:00:00.000Z,Severe Storm,"SEVERE STORMS, FLOODING, LANDSLIDES, AND MUDSLIDES",West Virginia,1823147.0,2187776.0,0.0
4312,2017-05-02T00:00:00.000Z,Severe Storm,FLOODING,California,33742.0,33742.0,1650.0
4440,2019-06-07T00:00:00.000Z,Flood,"SEVERE WINTER STORM, SNOWSTORM, AND FLOODING",South Dakota,10387963.0,3683750.56,8781804.44
1181,1997-07-11T00:00:00.000Z,Severe Storm,"SEVERE STORMS, TORNADOES,AND FLOODING",Michigan,5516989.0,1647954.0,4031169.0
1046,1995-03-12T00:00:00.000Z,Severe Storm,"SEVERE WINTER STORMS, FLOODING LANDSLIDES, MUD FLOW",California,19516997.0,368.0,19981617.0
4180,2014-07-08T00:00:00.000Z,Severe Storm,SEVERE STORMS AND FLOODING,New York,3698486.0,3670031.04,209310.96
1050,1995-05-16T00:00:00.000Z,Severe Storm,"SEVERE STORMS, FLOODING, AND GROUND SATURATION",North Dakota,1844297.0,0.0,1929451.0
4145,2013-09-14T00:00:00.000Z,Flood,"SEVERE STORMS, FLOODING, LANDSLIDES, AND MUDSLIDES",Colorado,64250197.0,10270730.71,57121301.29
1001,1993-07-26T00:00:00.000Z,Flood,SEVERE STORMS & FLOODING,North Dakota,4200000.0,0.0,4361615.0
908,1991-05-28T00:00:00.000Z,Flood,SEVERE STORMS & FLOODING,Nebraska,367596.0,0.0,394287.0
4274,2016-07-15T00:00:00.000Z,Flood,SEVERE STORMS AND FLOODING,Oklahoma,787474.0,145331.68,680649.32
1276,1999-05-17T00:00:00.000Z,Severe Storm,CO-FLOODING 4/30/99,Colorado,1097391.0,243058.0,1158596.0
873,1990-07-04T00:00:00.000Z,Severe Storm,"SEVERE STORMS, TORNADOES & FLOODING",Nebraska,299421.0,0.0,322559.0
4229,2015-07-16T00:00:00.000Z,Flood,"SEVERE STORMS, TORNADOES, FLOODING, LANDSLIDES, AND MUDSLIDES",Colorado,3142264.0,1193480.06,2102440.94
1186,1997-08-01T00:00:00.000Z,Flood,"SEVERE STORMS, HEAVY RAIN, FLASH FLOODS, FLOODING, MUDSLIDES",Colorado,2135400.0,733953.0,1460344.0
1389,2001-08-16T00:00:00.000Z,Severe Storm,"SEVERE STORMS, FLOODING AND MUDSLIDES",District of Columbia,694221.0,637652.0,255255.0
954,1992-08-19T00:00:00.000Z,Flood,SEVERE STORMS & FLOODING,Nebraska,153679.0,0.0,166237.0
1572,2004-11-15T00:00:00.000Z,Severe Storm,"SEVERE STORMS, TORNADOES, AND FLOODING FROM THE REMNANTS OF ",Delaware,64108.0,73854.0,8602.0
1427,2002-07-11T00:00:00.000Z,Typhoon,"TS CHATA'AN, INC FLOODING, MUDSLIDES AND LANDSLIDES",Federated States of Micronesia,3631229.0,2794606.0,1810224.0
1221,1998-06-12T00:00:00.000Z,Flood,FLOODING,Oregon,313566.0,0.0,330387.0
884,1990-12-06T00:00:00.000Z,Flood,SEVERE STORMS & FLOODING,Arizona,99461.0,0.0,107926.0
977,1993-01-19T00:00:00.000Z,Flood,"SEVERE STORMS, TORNADOES & FLOODING",Arizona,8346774.0,495583.0,8175282.0
1833,2009-04-23T00:00:00.000Z,Severe Storm,"SEVERE STORMS, FLOODING, TORNADOES, AND STRAIGHT-LINE WINDS",Georgia,5488365.0,305897.0,5450849.0
1858,2009-09-24T00:00:00.000Z,Severe Storm,SEVERE STORMS AND FLOODING,Georgia,33786725.0,7674410.0,27764486.0
1348,2000-11-09T00:00:00.000Z,Severe Storm,SEVERE STORMS AND FLOODING,Hawaii,1371909.0,576287.0,1154842.0
4062,2012-04-18T00:00:00.000Z,Severe Storm,"SEVERE STORMS, FLOODING, AND LANDSLIDES",Hawaii,533344.0,472395.0,95524.0
1640,2006-05-02T00:00:00.000Z,Severe Storm,"SEVERE STORMS, FLOODING, LANDSLIDES, AND MUDSLIDES",Hawaii,636249.0,396432.0,400486.0
1814,2009-01-05T00:00:00.000Z,Flood,SEVERE STORMS AND FLOODING,Hawaii,1247010.0,1307989.0,0.0
4116,2013-05-10T00:00:00.000Z,Flood,"SEVERE STORMS, STRAIGHT-LINE WINDS, AND FLOODING",Illinois,29481608.0,5845937.42,25077321.58
4288,2016-10-20T00:00:00.000Z,Flood,"SEVERE STORMS, FLOODING, AND MUDSLIDES",Wisconsin,1745397.0,296550.83,1534196.17
4389,2018-08-31T00:00:00.000Z,Flood,"SEVERE STORMS, FLOODING, AND LANDSLIDES",Arizona,77334.0,92802.0,0.0
1743,2008-02-06T00:00:00.000Z,Severe Storm,"SEVERE STORMS, HIGH SURF, FLOODING, AND MUDSLIDES",Hawaii,457763.0,141021.0,339127.0
4365,2018-05-08T00:00:00.000Z,Flood,"SEVERE STORMS, FLOODING, LANDSLIDES, AND MUDSLIDES",Hawaii,3130827.0,545438.04,3211553.96
1998,2011-06-27T00:00:00.000Z,Flood,FLOODING,Iowa,14196201.0,3928091.0,10962304.0
4016,2011-08-24T00:00:00.000Z,Severe Storm,"SEVERE STORMS, STRAIGHT-LINE WINDS, AND FLOODING",Iowa,1688831.0,252842.0,1518573.0
4018,2011-08-30T00:00:00.000Z,Severe Storm,SEVERE STORMS AND FLOODING,Iowa,844086.0,53119.0,832243.0
1277,1999-05-21T00:00:00.000Z,Severe Storm,"SEVERE STORMS, FLOODING, AND TORNADOES",Iowa,2460536.0,681213.0,2449736.0
870,1990-06-06T00:00:00.000Z,Severe Storm,"SEVERE STORMS, TORNADOES & FLOODING",Ohio,663441.0,33441.0,667672.0
4211,2015-04-02T00:00:00.000Z,Severe Ice Storm,SEVERE WINTER STORM AND FLOODING,Tennessee,5225692.0,1878736.62,3602491.38
1120,1996-06-18T00:00:00.000Z,Flood,"FLOODING, SEVERE STORMS",Pennsylvania,663057.0,0.0,697172.0
1093,1996-01-21T00:00:00.000Z,Flood,SEVERE STORMS AND FLOODING,Pennsylvania,21373561.0,368046.0,21604181.0
935,1992-02-25T00:00:00.000Z,Flood,"RAIN/SNOW/WIND STORMS, FLOODING, MUDSLIDES",California,2303555.0,328.0,2423172.0
1654,2006-07-05T00:00:00.000Z,Severe Storm,SEVERE STORMS AND FLOODING,Delaware,50176.0,10983.0,53347.0
1973,2011-04-29T00:00:00.000Z,Severe Storm,"SEVERE STORMS, TORNADOES, STRAIGHT-LINE WINDS, AND ASSOCIATED FLOODING",Georgia,5130028.0,1049525.0,4331361.0
4268,2016-03-25T00:00:00.000Z,Flood,SEVERE STORMS AND FLOODING,Mississippi,2598578.0,1170750.84,1554897.16
1041,1994-10-18T00:00:00.000Z,Flood,SEVERE THUNDERSTORMS AND FLOODING,Texas,19179112.0,1018807.0,18542129.0
1179,1997-07-07T00:00:00.000Z,Flood,SEVERE STORMS AND FLOODING,Texas,1533442.0,284708.0,1310813.0
4331,2017-08-18T00:00:00.000Z,Severe Storm,"SEVERE STORMS, FLOODING, LANDSLIDES, AND MUDSLIDES",West Virginia,2697208.0,220336.07,2608764.93
1533,2004-07-29T00:00:00.000Z,Severe Storm,"HIGH WINDS, FLOODING, AND MUDSLIDES AS A RESULT OF TROPICAL STORM TINGTING",Guam,74268.0,95524.0,0.0
4467,2019-10-07T00:00:00.000Z,Severe Storm,"SEVERE STORMS, TORNADOES, AND FLOODING",South Dakota,575730.0,500732.19,161357.81
1575,2005-02-01T00:00:00.000Z,Severe Storm,SEVERE STORMS AND FLASH FLOODING,Hawaii,2403890.0,2832987.0,222817.0
4282,2016-10-06T00:00:00.000Z,Mud/Landslide,"SEVERE STORMS, FLOODING, LANDSLIDES, AND MUDSLIDES",Hawaii,617950.0,67552.23,580615.77
4135,2013-07-31T00:00:00.000Z,Severe Storm,"SEVERE STORMS, TORNADOES, AND FLOODING",Iowa,640083.0,102679.0,568704.0
1928,2010-07-27T00:00:00.000Z,Severe Storm,SEVERE STORMS AND FLOODING,Iowa,2588700.0,260794.0,2454493.0
1420,2002-06-19T00:00:00.000Z,Flood,SEVERE STORMS AND FLOODING,Iowa,1214493.0,422967.0,1122434.0
1014,1994-03-10T00:00:00.000Z,Snowstorm,"SEVERE ICE STORMS, FLOODING",Virginia,3038852.0,0.0,3152293.0
1201,1998-01-15T00:00:00.000Z,Severe Storm,"SEVERE ICE STORMS, RAIN, HIGH WINDS AND FLOODING",Vermont,981551.0,108613.0,919971.0
1282,1999-07-22T00:00:00.000Z,Severe Storm,SEVERE STORMS AND FLOODING,Iowa,2700123.0,799316.0,2636499.0
1367,2001-05-02T00:00:00.000Z,Severe Storm,"SEVERE STORMS, TORNADOES AND FLOODING",Iowa,1808784.0,425156.0,1876460.0
4281,2016-09-29T00:00:00.000Z,Flood,"SEVERE STORMS, STRAIGHT-LINE WINDS, AND FLOODING",Iowa,1071194.0,0.5,1123574.5
1518,2004-05-25T00:00:00.000Z,Severe Storm,"SEVERE STORMS, TORNADOES, AND FLOODING",Iowa,1665371.0,619052.0,1500076.0
1705,2007-05-25T00:00:00.000Z,Severe Storm,"SEVERE STORMS, FLOODING, AND TORNADOES",Iowa,3296237.0,1236425.0,2957925.0
1727,2007-09-14T00:00:00.000Z,Severe Storm,SEVERE STORMS AND FLOODING,Iowa,1219393.0,351584.0,1200284.0
1763,2008-05-27T00:00:00.000Z,Severe Storm,"SEVERE STORMS, TORNADOES, AND FLOODING",Iowa,294048645.0,33655101.0,274772523.0
4181,2014-07-14T00:00:00.000Z,Severe Storm,"SEVERE STORMS, TORNADOES, STRAIGHT-LINE WINDS, AND FLOODING",Iowa,1237149.0,436267.0,861379.0
4184,2014-07-24T00:00:00.000Z,Flood,"SEVERE STORMS, TORNADOES, STRAIGHT-LINE WINDS, AND FLOODING",Iowa,3669710.0,858428.0,2990730.0
1930,2010-07-29T00:00:00.000Z,Severe Storm,"SEVERE STORMS, FLOODING, AND TORNADOES",Iowa,19889628.0,5374457.0,15487774.0
4187,2014-08-05T00:00:00.000Z,Severe Storm,"SEVERE STORMS, TORNADOES, STRAIGHT-LINE WINDS, AND FLOODING",Iowa,2961986.0,628365.0,2478462.0
4234,2015-07-31T00:00:00.000Z,Severe Storm,"SEVERE STORMS, TORNADOES, STRAIGHT-LINE WINDS, AND FLOODING",Iowa,1493022.0,107271.72,1458759.28
1017,1994-03-16T00:00:00.000Z,Severe Storm,SEVERE ICE STORMS AND FLOODING,Delaware,855980.0,0.0,901267.0
4119,2013-05-31T00:00:00.000Z,Flood,"SEVERE STORMS, STRAIGHT-LINE WINDS, AND FLOODING",Iowa,1171493.0,225801.0,1002978.0
4126,2013-07-02T00:00:00.000Z,Severe Storm,"SEVERE STORMS, TORNADOES, AND FLOODING",Iowa,2920805.0,316013.0,2747619.0
1592,2005-07-06T00:00:00.000Z,Flood,HEAVY RAINS AND FLOODING,Idaho,117432.0,68760.0,82281.0
4333,2017-08-27T00:00:00.000Z,Flood,"FLOODING, LANDSLIDES, AND MUDSLIDES",Idaho,468670.0,108865.16,382722.84
1987,2011-05-20T00:00:00.000Z,Flood,"FLOODING, LANDSLIDES, AND MUDSLIDES",Idaho,568759.0,187452.0,409119.0
1927,2010-07-27T00:00:00.000Z,Severe Storm,SEVERE STORMS AND FLOODING,Idaho,662883.0,471636.0,223662.0
1020,1994-03-31T00:00:00.000Z,Tornado,"TORNADOES, FLOODING, AND SEVERE STORMS",Georgia,799595.0,682.0,838051.0
897,1991-03-15T00:00:00.000Z,Flood,SEVERE STORMS & FLOODING,Georgia,226815.0,61063.0,177855.0
1476,2003-07-11T00:00:00.000Z,Severe Storm,"SEVERE STORMS, TORNADOES, AND FLOODING",Indiana,1493752.0,427611.0,1493653.0
1732,2007-11-30T00:00:00.000Z,Severe Storm,SEVERE STORMS AND FLOODING,Indiana,863944.0,103537.0,802654.0
1520,2004-06-03T00:00:00.000Z,Severe Storm,"SEVERE STORMS, TORNADOES, AND FLOODING",Indiana,743509.0,504330.0,451971.0
1042,1994-10-19T00:00:00.000Z,Severe Storm,"HEAVY RAINS, TORNADOS, FLOODING, HIGH WINDS",Georgia,2128044.0,-1.0,2210706.0
1418,2002-06-13T00:00:00.000Z,Severe Storm,"SEVERE STORMS, TORNADOES AND FLOODING",Indiana,861988.0,220671.0,888018.0
1832,2009-04-22T00:00:00.000Z,Severe Storm,"SEVERE STORMS, TORNADOES, AND FLOODING",Indiana,467384.0,281610.0,208629.0
4363,2018-05-04T00:00:00.000Z,Flood,SEVERE STORMS AND FLOODING,Indiana,2589351.0,548322.7,2558898.3
1414,2002-05-07T00:00:00.000Z,Severe Storm,"SEVERE STORMS, TORNADOES AND FLOODING",Kentucky,2099590.0,644417.0,2027706.0
4057,2012-03-06T00:00:00.000Z,Severe Storm,"SEVERE STORMS, TORNADOES, STRAIGHT-LINE WINDS AND FLOODING",Kentucky,5113904.0,2295333.59,3068640.41
1818,2009-02-05T00:00:00.000Z,Severe Ice Storm,SEVERE WINTER STORM AND FLOODING,Kentucky,48743504.0,6156230.82,44970830.18
1388,2001-08-15T00:00:00.000Z,Severe Storm,SEVERE STORMS AND FLOODING,Kentucky,2369849.0,992259.0,2023999.0
1523,2004-06-10T00:00:00.000Z,Severe Storm,"SEVERE STORMS, TORNADOES, FLOODING, AND MUDSLIDES",Kentucky,3039335.0,2854063.0,1007424.0
1310,2000-01-10T00:00:00.000Z,Tornado,"TORNADOES, SEVERE STORMS, TORRENTIAL RAINS, AND FLASH FLOODING",Kentucky,948695.0,951193.0,250405.0
1252,1998-10-05T00:00:00.000Z,Severe Storm,WA STORMS & FLOODING 5/26/98,Washington,270899.0,0.0,286725.0
1925,2010-07-23T00:00:00.000Z,Severe Storm,"SEVERE STORMS, FLOODING, AND MUDSLIDES",Kentucky,4118251.0,1498605.96,2821027.04
1204,1998-02-12T00:00:00.000Z,Severe Storm,"SEVERE STORMS, HIGH WINDS, TORNADOES, AND FLOODING",Florida,1941265.0,261730.0,1764277.0
1195,1998-01-06T00:00:00.000Z,Severe Storm,"SEVERE STORMS, HIGH WINDS, TORNADOES, AND FLOODING",Florida,15442242.0,1171292.0,14753069.0
1855,2009-08-14T00:00:00.000Z,Severe Storm,"SEVERE STORMS, STRAIGHT-LINE WINDS AND FLOODING",Kentucky,7335686.0,3621807.0,4072594.0
4196,2014-09-30T00:00:00.000Z,Severe Storm,"SEVERE STORMS, FLOODING, LANDSLIDES, AND MUDSLIDES",Kentucky,1117328.0,72441.86,1099523.14
1000,1993-07-22T00:00:00.000Z,Flood,SEVERE STORMS & FLOODING,Kansas,15395904.0,0.0,15782028.0
4218,2015-05-12T00:00:00.000Z,Flood,"SEVERE WINTER STORM, SNOWSTORM, FLOODING, LANDSLIDES, AND MUDSLIDES",Kentucky,4124526.0,539141.17,3787073.83
1976,2011-05-04T00:00:00.000Z,Severe Storm,"SEVERE STORMS, TORNADOES, AND FLOODING",Kentucky,8319661.0,3043839.05,5682652.95
4313,2017-05-18T00:00:00.000Z,Flood,"SEVERE STORMS, FLOODING, LANDSLIDES, AND MUDSLIDES",Idaho,1616908.0,177754.15,1518220.85
4310,2017-04-21T00:00:00.000Z,Flood,SEVERE WINTER STORMS AND FLOODING,Idaho,1065982.0,465651.0,652458.0
1630,2006-02-27T00:00:00.000Z,Severe Storm,SEVERE STORMS AND FLOODING,Idaho,147329.0,51151.0,138344.0
1781,2008-07-31T00:00:00.000Z,Flood,FLOODING,Idaho,255568.0,75972.0,192093.0
4595,2021-04-23T00:00:00.000Z,Flood,"SEVERE, STORMS, FLOODING, LANDSLIDES, AND MUDSLIDES",Kentucky,19045986.0,14009096.62,8211220.38
1254,1998-10-14T00:00:00.000Z,Severe Storm,"SEVERE STORMS, FLOODING AND TORNADOES",Kansas,1006006.0,279532.0,750065.0
1054,1995-06-02T00:00:00.000Z,Severe Storm,"SEVERE STORMS, TORNADOES, HAIL, FLOODING",Missouri,2187234.0,1.0,2284876.0
1573,2005-01-21T00:00:00.000Z,Severe Storm,SEVERE WINTER STORMS AND FLOODING,Indiana,2476257.0,819978.0,2364984.0
1487,2003-09-05T00:00:00.000Z,Severe Storm,"SEVERE STORMS, TORNADOES, AND FLOODING",Indiana,711325.0,217404.0,697502.0
1766,2008-06-08T00:00:00.000Z,Severe Storm,"SEVERE STORMS, FLOODING, AND TORNADOES",Indiana,25531906.0,8705461.0,18074955.0
1662,2006-10-06T00:00:00.000Z,Severe Storm,SEVERE STORMS AND FLOODING,Indiana,1911972.0,1507648.0,939730.0
1121,1996-06-24T00:00:00.000Z,Severe Storm,SEVERE STORMS AND FLOODING,Iowa,484760.0,0.0,509154.0
1740,2008-01-30T00:00:00.000Z,Severe Storm,SEVERE STORMS AND FLOODING,Indiana,1899055.0,691307.0,1300611.0
1795,2008-09-23T00:00:00.000Z,Severe Storm,SEVERE STORMS AND FLOODING,Indiana,8697584.0,5873637.0,3249259.0
868,1990-05-26T00:00:00.000Z,Flood,SEVERE STORMS & FLOODING,Iowa,574501.0,0.0,610339.0
1542,2004-09-01T00:00:00.000Z,Severe Storm,"SEVERE STORMS, TORNADOES AND FLOODING",Indiana,209109.0,74945.0,194011.0
992,1993-06-07T00:00:00.000Z,Flood,SEVERE STORMS & FLOODING,New Mexico,162576.0,59241.0,111637.0
1454,2003-03-14T00:00:00.000Z,Severe Storm,"SEVERE WINTER ICE AND SNOW STORMS, HEAVY RAIN, FLOODING, TORNADOES, AND MUD AND ",Kentucky,3407821.0,1948999.0,2388516.0
1407,2002-04-04T00:00:00.000Z,Severe Storm,SEVERE STORMS AND FLOODING,Kentucky,3074793.0,1784005.0,2133460.0
1703,2007-05-25T00:00:00.000Z,Severe Storm,"SEVERE STORMS, FLOODING, MUDSLIDES, AND ROCKSLIDES",Kentucky,455444.0,153933.0,423213.0
1471,2003-06-03T00:00:00.000Z,Severe Storm,"SEVERE STORMS, FLOODING, MUD AND ROCK SLIDES, AND TORNADOES",Kentucky,722153.0,639434.0,279127.0
1537,2004-08-06T00:00:00.000Z,Severe Storm,SEVERE STORMS AND FLOODING,Kentucky,254677.0,107563.0,215809.0
1320,2000-02-28T00:00:00.000Z,Severe Storm,SEVERE STORMS AND FLOODING,Kentucky,679140.0,446481.0,420140.0
1025,1994-04-26T00:00:00.000Z,Severe Storm,SEVERE STORMS AND FLOODING,Illinois,2617439.0,0.0,2727672.0
1475,2003-07-02T00:00:00.000Z,Severe Storm,"SEVERE STORMS, FLOODING, MUD AND ROCK SLIDES, AND TORNADOES",Kentucky,1276261.0,842045.0,781278.0
997,1993-07-09T00:00:00.000Z,Flood,SEVERE STORMS & FLOODING,Illinois,34246985.0,882213.0,34133921.0
1757,2008-05-19T00:00:00.000Z,Severe Storm,"SEVERE STORMS, TORNADOES, FLOODING, MUDSLIDES, AND LANDSLIDES",Kentucky,509501.0,45649.0,488767.0
986,1993-04-26T00:00:00.000Z,Flood,SEVERE STORMS & FLOODING,Iowa,169562.0,0.0,181891.0
1133,1996-08-21T00:00:00.000Z,Severe Storm,"SEVERE STORMS, AND FLOODING",Iowa,683307.0,0.0,719373.0
1521,2004-06-08T00:00:00.000Z,Severe Storm,SEVERE STORMS AND FLOODING,Louisiana,445270.0,572706.0,0.0
1064,1995-08-18T00:00:00.000Z,Severe Storm,"SEVERE THUNDERSTORMS, WINDS, FLOODING, TORNADOES, AND HEAT",Minnesota,768959.0,0.0,813665.0
4431,2019-05-01T00:00:00.000Z,Severe Storm,"SEVERE WINTER STORMS, FLOODING, LANDSLIDES, AND MUDSLIDES",California,7730527.0,6186502.64,3090129.36
4430,2019-04-29T00:00:00.000Z,Flood,SEVERE STORMS AND FLOODING,Iowa,83505.0,100206.0,0.0
4239,2015-08-12T00:00:00.000Z,Severe Storm,"SEVERE STORMS, TORNADOES, STRAIGHT-LINE WINDS, FLOODING, LANDSLIDES, AND MUDSLIDE",Kentucky,3195940.0,673297.19,2678923.81
4718,2023-07-06T00:00:00.000Z,Flood,FLOODING,South Dakota,345804.0,374621.0,0.0
4649,2022-03-29T00:00:00.000Z,Flood,"SEVERE STORM, FLOODING, AND LANDSLIDES",Puerto Rico,381826.0,458182.0,0.0
4657,2022-06-29T00:00:00.000Z,Severe Storm,"SEVERE STORMS, TORNADOES, AND FLOODING",Oklahoma,918346.0,1090360.19,11654.81
874,1990-07-13T00:00:00.000Z,Severe Storm,"SEVERE STORMS, TORNADOES & FLOODING",Wisconsin,357016.0,0.0,381442.0
994,1993-07-02T00:00:00.000Z,Severe Storm,"SEVERE STORMS, TORNADOES & FLOODING",Wisconsin,10618365.0,490.0,10892519.0
1364,2001-04-10T00:00:00.000Z,Severe Storm,SEVERE STORMS AND FLOODING,Massachusetts,1562356.0,346589.0,1615134.0
1701,2007-05-16T00:00:00.000Z,Severe Storm,SEVERE STORMS AND INLAND AND COASTAL FLOODING,Massachusetts,1364794.0,1315798.0,439600.0
4008,2011-07-25T00:00:00.000Z,Severe Storm,"SEVERE STORMS, TORNADOES, AND FLOODING",Kentucky,1498346.0,309490.77,1262124.23
4276,2016-08-09T00:00:00.000Z,Severe Storm,SEVERE STORMS AND FLOODING,Wisconsin,2108980.0,1134981.93,1077127.07
1177,1997-06-13T00:00:00.000Z,Severe Storm,"SEVERE STORMS, SNOWMELT, LAND/MUD SLIDES, FLOODING",Idaho,1381220.0,0.0,1447578.0
1269,1999-04-09T00:00:00.000Z,Severe Storm,"SEVERE STORMS, TORNADOES AND FLOODING",Louisiana,1065158.0,332976.0,1037030.0
4102,2013-02-22T00:00:00.000Z,Severe Storm,SEVERE STORMS AND FLOODING,Louisiana,456668.0,478069.09,929.91
4015,2011-08-18T00:00:00.000Z,Flood,FLOODING,Louisiana,2026125.0,363128.91,1762074.09
1863,2009-12-10T00:00:00.000Z,Severe Storm,"SEVERE STORMS, TORNADOES, AND FLOODING",Louisiana,895384.0,307715.85,631452.15
4352,2017-12-20T00:00:00.000Z,Flood,SEVERE STORMS AND FLOODING,New Mexico,2123939.0,2548727.0,0.0
1668,2006-11-02T00:00:00.000Z,Severe Storm,SEVERE STORMS AND FLOODING,Louisiana,2539771.0,3266653.0,0.0
4176,2014-05-02T00:00:00.000Z,Severe Storm,"SEVERE STORMS, TORNADOES, STRAIGHT-LINE WINDS, AND FLOODING",Alabama,8057037.0,60933.79,8390092.21
4228,2015-07-13T00:00:00.000Z,Flood,SEVERE STORMS AND FLOODING,Louisiana,1216154.0,209208.89,1066415.11
1512,2004-04-21T00:00:00.000Z,Flood,FLOODING,Massachusetts,243225.0,304266.0,8570.0
1642,2006-05-25T00:00:00.000Z,Severe Storm,SEVERE STORMS AND FLOODING,Massachusetts,2600528.0,1462884.0,1881915.0
1614,2005-11-10T00:00:00.000Z,Severe Storm,SEVERE STORMS AND FLOODING,Massachusetts,763899.0,425583.0,556944.0
4536,2020-04-16T00:00:00.000Z,Severe Storm,"SEVERE STORMS, TORNADOES, STRAIGHT-LINE WINDS, AND FLOODING ",Mississippi,6083072.0,5450314.57,1646602.43
4416,2019-02-25T00:00:00.000Z,Flood,SEVERE STORMS AND FLOODING,Texas,6328556.0,2042181.15,5552085.85
1813,2009-01-05T00:00:00.000Z,Severe Ice Storm,SEVERE WINTER STORM AND FLOODING,Massachusetts,8325842.0,3120148.0,5612828.0
4376,2018-07-02T00:00:00.000Z,Flood,SEVERE STORM AND FLOODING,Maryland,2574634.0,2508779.5,570481.5
4381,2018-08-02T00:00:00.000Z,Flood,"SEVERE STORMS, FLOODING, LANDSLIDES, AND MUDSLIDES",Michigan,3742816.0,1545267.35,2946111.65
4709,2023-04-27T00:00:00.000Z,Flood,"SEVERE STORMS, TORNADOES, AND FLOODING",Florida,9272431.0,11126917.0,0.0
1371,2001-05-16T00:00:00.000Z,Severe Storm,SEVERE WINTER STORMS AND FLOODING,Maine,196006.0,43180.0,208923.0
4108,2013-03-25T00:00:00.000Z,Severe Storm,"SEVERE WINTER STORM, SNOWSTORM, AND FLOODING",Maine,466754.0,240448.49,249129.51
1815,2009-01-09T00:00:00.000Z,Severe Storm,SEVERE WINTER STORM AND FLOODING,Maine,1553329.0,949235.0,680052.0
1508,2004-02-05T00:00:00.000Z,Severe Storm,"SEVERE STORMS, FLOODING, SNOW MELT AND ICE JAMS",Maine,144095.0,32418.0,152917.0
4358,2018-04-12T00:00:00.000Z,Flood,"SEVERE STORMS, FLOODING, LANDSLIDES, AND MUDSLIDES",Kentucky,7775136.0,3523821.76,5806341.24
976,1993-01-15T00:00:00.000Z,Coastal Storm,SEVERE COASTAL STORM & FLOODING,Delaware,111504.0,0.0,120768.0
1326,2000-04-28T00:00:00.000Z,Severe Storm,"SEVERE STORMS, FLOODING, AND ICE JAMS",Maine,314981.0,71979.0,333150.0
1691,2007-04-20T00:00:00.000Z,Flood,FLOODING,Maine,179335.0,44493.0,186168.0
1693,2007-04-25T00:00:00.000Z,Severe Storm,SEVERE STORMS AND INLAND AND COASTAL FLOODING,Maine,3988075.0,2575430.0,2554032.0
1852,2009-07-30T00:00:00.000Z,Severe Storm,"SEVERE STORMS, FLOODING, AND LANDSLIDES",Maine,461009.0,254317.0,229235.0
1953,2011-02-01T00:00:00.000Z,Severe Storm,SEVERE STORMS AND FLOODING,Maine,263363.0,83122.0,193119.0
4354,2018-01-02T00:00:00.000Z,Severe Storm,SEVERE STORM AND FLOODING,Maine,1099566.0,1310966.1,8512.9
4208,2015-03-12T00:00:00.000Z,Snowstorm,"SEVERE WINTER STORM, SNOWSTORM, AND FLOODING",Maine,393113.0,5319.97,407016.03
4279,2016-09-16T00:00:00.000Z,Flood,SEVERE STORM AND FLOODING,Maryland,1044224.0,771453.87,323833.13
1033,1994-07-07T00:00:00.000Z,Tornado,"TORNADOES, FLOODING TORRENTIAL RAIN(TROP STORM ALBERTO)",Georgia,62815979.0,3211766.0,60955469.0
1209,1998-03-11T00:00:00.000Z,Severe Storm,SEVERE STORMS AND FLOODING,Georgia,8520026.0,0.0,8777569.0
1652,2006-07-02T00:00:00.000Z,Severe Storm,"SEVERE STORMS, FLOODING, AND TORNADOES",Maryland,1274514.0,853750.0,760524.0
1644,2006-05-25T00:00:00.000Z,Severe Storm,SEVERE STORMS AND FLOODING,Maine,362064.0,379792.0,85895.0
1920,2010-07-01T00:00:00.000Z,Severe Storm,SEVERE STORMS AND FLOODING,Maine,219732.0,74616.0,155861.0
1591,2005-06-29T00:00:00.000Z,Severe Storm,"SEVERE STORMS, FLOODING, SNOW MELT, AND ICE JAMS",Maine,493257.0,177883.0,456544.0
1716,2007-08-08T00:00:00.000Z,Severe Storm,SEVERE STORMS AND FLOODING,Maine,244231.0,164922.0,149208.0
1755,2008-05-09T00:00:00.000Z,Flood,SEVERE STORMS AND FLOODING,Maine,825863.0,654829.0,211419.0
1527,2004-06-30T00:00:00.000Z,Severe Storm,"SEVERE STORMS, TORNADOES, AND FLOODING",Michigan,3125321.0,2787008.0,1153207.0
1413,2002-05-06T00:00:00.000Z,Flood,FLOODING,Michigan,756962.0,192987.0,771719.0
880,1990-10-19T00:00:00.000Z,Flood,SEVERE STORMS & FLOODING,Georgia,426194.0,0.0,455147.0
4326,2017-08-02T00:00:00.000Z,Severe Storm,SEVERE STORMS AND FLOODING,Michigan,753472.0,440463.64,463702.36
1777,2008-07-14T00:00:00.000Z,Severe Storm,"SEVERE STORMS, TORNADOES, AND FLOODING",Michigan,2358549.0,1293351.0,1175154.0
1532,2004-07-29T00:00:00.000Z,Typhoon,"FLOODING, HIGH SURF, HIGH WINDS, AND WIND-DRIVEN RAIN ASSOCIATED W TYPH TINGTING",Northern Mariana Islands,146831.0,59850.0,122040.0
857,1990-02-23T00:00:00.000Z,Severe Storm,"SEVERE STORMS, TORNAODES & FLOODING",Georgia,750805.0,0.0,796538.0
4110,2013-04-19T00:00:00.000Z,Severe Storm,"SEVERE WINTER STORM, SNOWSTORM, AND FLOODING",Massachusetts,7748110.0,4577679.05,3549313.95
1541,2004-08-26T00:00:00.000Z,Typhoon,"FLOODING, HIGH SURF, STORM SURGE, AND HIGH WINDS AS A RESULT OF SUPER TYPHOON CH",Northern Mariana Islands,1699817.0,574904.0,1559063.0
4663,2022-07-29T00:00:00.000Z,Flood,"SEVERE STORMS, FLOODING, LANDSLIDES, AND MUDSLIDES",Kentucky,96768780.0,68457976.27,47664559.73
1398,2001-12-07T00:00:00.000Z,Severe Storm,"SEVERE STORMS, TORNADOES AND FLOODING",Mississippi,1539626.0,1163209.0,804721.0
1147,1996-11-26T00:00:00.000Z,Flood,"PROLONGED AND HEAVY RAINS, HIGH SURF,FLOODING,LAND/MUD SLIDE",Hawaii,746081.0,89045.0,688807.0
4647,2022-03-15T00:00:00.000Z,Coastal Storm,SEVERE STORM AND FLOODING,Maine,620252.0,723627.0,0.0
1983,2011-05-11T00:00:00.000Z,Flood,FLOODING,Mississippi,3763698.0,2503762.0,1443981.0
4543,2020-05-08T00:00:00.000Z,Severe Storm,"SEVERE STORMS, TORNADOES, AND FLOODING",North Carolina,2555886.0,475187.2,2506679.8
4478,2020-03-12T00:00:00.000Z,Severe Storm,"SEVERE STORMS, TORNADOES, STRAIGHT-LINE WINDS, AND FLOODING",Mississippi,1255154.0,1044319.6,420026.4
4295,2017-01-25T00:00:00.000Z,Tornado,"SEVERE STORMS, TORNADOES, STRAIGHT-LINE WINDS, AND FLOODING",Mississippi,1801608.0,23785.46,1865921.54
4314,2017-05-22T00:00:00.000Z,Severe Storm,"SEVERE STORMS, TORNADOES, STRAIGHT-LINE WINDS, AND FLOODING",Mississippi,2295632.0,2007530.17,400357.83
1753,2008-05-08T00:00:00.000Z,Severe Storm,SEVERE STORMS AND FLOODING,Mississippi,277648.0,174852.0,116373.0
4415,2019-02-14T00:00:00.000Z,Severe Storm,"SEVERE STORMS, FLOODING, AND TORNADO",Mississippi,1038087.0,185653.61,1060049.39
4450,2019-06-20T00:00:00.000Z,Severe Storm,"SEVERE STORMS, TORNADOES, STRAIGHT-LINE WINDS, AND FLOODING",Mississippi,712724.0,852416.0,0.0
1424,2002-07-03T00:00:00.000Z,Severe Storm,SEVERE STORMS AND FLOODING,Montana,207981.0,43196.0,218396.0
965,1992-10-02T00:00:00.000Z,Flood,SEVERE STORMS & FLOODING,Iowa,256050.0,0.0,275195.0
4278,2016-08-26T00:00:00.000Z,Severe Storm,"SEVERE STORM, TORNADOES, FLOODING, LANDSLIDES, AND MUDSLIDES",Kentucky,898247.0,25580.13,916590.87
1346,2000-10-17T00:00:00.000Z,Severe Storm,SEVERE STORMS AND FLOODING,Michigan,33020508.0,16710547.0,25581719.0
4658,2022-07-08T00:00:00.000Z,Severe Storm,"SEVERE STORMS, STRAIGHT-LINE WINDS, TORNADOES, AND FLOODING",Minnesota,1856909.0,1913120.5,315168.5
1154,1997-01-04T00:00:00.000Z,Severe Storm,"SEVERE STORMS, FLOODING, MUD AND LANDSLIDES",Idaho,3652627.0,0.0,3785829.0
1102,1996-02-11T00:00:00.000Z,Severe Storm,SEVERE STORMS AND FLOODING,Idaho,2866735.0,0.0,2990708.0
1365,2001-04-17T00:00:00.000Z,Severe Storm,SEVERE STORMS AND FLOODING,Mississippi,575983.0,313087.0,417677.0
1916,2010-05-14T00:00:00.000Z,Severe Storm,"SEVERE STORMS, TORNADOES, AND FLOODING",Mississippi,2028077.0,818960.63,1308289.37
4175,2014-04-30T00:00:00.000Z,Severe Storm,"SEVERE STORMS, TORNADOES, AND FLOODING",Mississippi,13949221.0,11992495.0,2638843.0
4101,2013-02-13T00:00:00.000Z,Severe Storm,"SEVERE STORMS, TORNADOES, AND FLOODING",Mississippi,1139196.0,382801.0,812102.0
885,1990-12-06T00:00:00.000Z,Flood,SEVERE STORMS & FLOODING,Indiana,0.0,0.0,0.0
4551,2020-07-09T00:00:00.000Z,Severe Storm,"SEVERE STORMS, TORNADOES, STRAIGHT-LINE WINDS, AND FLOODING",Mississippi,1272613.0,1028918.43,455796.57
1234,1998-07-22T00:00:00.000Z,Severe Storm,"SEVERE STORMS AND TORNADOES, AND FLOODING",Indiana,743291.0,400755.0,379484.0
1906,2010-04-29T00:00:00.000Z,Severe Storm,"SEVERE STORMS, TORNADOES, AND FLOODING",Mississippi,2772910.0,1033927.0,1874578.0
1837,2009-05-12T00:00:00.000Z,Severe Storm,"SEVERE STORMS, FLOODING, AND TORNADOES",Mississippi,408559.0,233441.0,195097.0
1972,2011-04-29T00:00:00.000Z,Severe Storm,"SEVERE STORMS, TORNADOES, STRAIGHT-LINE WINDS, AND ASSOCIATED FLOODING",Mississippi,7472939.0,5028923.0,2809443.0
4432,2019-05-02T00:00:00.000Z,Severe Storm,"SEVERE WINTER STORMS, FLOODING, LANDSLIDES, AND MUDSLIDES",Oregon,5780906.0,2218533.3,4718552.7
1002,1993-09-09T00:00:00.000Z,Severe Storm,SEVERE STORMS AND FLOODING,Indiana,0.0,0.0,0.0
4172,2014-04-17T00:00:00.000Z,Flood,ICE JAMS AND FLOODING,Montana,287346.0,109118.74,192278.26
4198,2014-10-09T00:00:00.000Z,Severe Storm,"SEVERE STORMS, STRAIGHT-LINE WINDS, AND FLOODING",Montana,232334.0,132980.81,110714.19
1922,2010-07-10T00:00:00.000Z,Severe Storm,SEVERE STORMS AND FLOODING,Montana,5183679.0,1473340.11,3963820.89
1871,2010-02-02T00:00:00.000Z,Severe Storm,SEVERE WINTER STORMS AND FLOODING,North Carolina,2189113.0,549334.0,1746827.0
4153,2013-10-29T00:00:00.000Z,Flood,"SEVERE STORMS, FLOODING, LANDSLIDES, MUDSLIDES",North Carolina,1000452.0,621164.52,428209.48
1942,2010-10-14T00:00:00.000Z,Severe Storm,"SEVERE STORMS, FLOODING, AND STRAIGHT-LINE WINDS ",North Carolina,755256.0,561577.0,230611.0
1969,2011-04-19T00:00:00.000Z,Severe Storm,"SEVERE STORMS, TORNADOES, AND FLOODING",North Carolina,4773633.0,973711.09,4033352.91
4146,2013-09-25T00:00:00.000Z,Flood,"SEVERE STORMS, FLOODING, LANDSLIDES, AND MUDSLIDES",North Carolina,1468627.0,791527.75,748915.25
4372,2018-06-25T00:00:00.000Z,Severe Storm,SEVERE WINTER STORM AND FLOODING,Massachusetts,6051557.0,4853094.53,2384567.47
4103,2013-03-01T00:00:00.000Z,Mud/Landslide,"SEVERE STORMS, FLOODING, LANDSLIDES, AND MUDSLIDES",North Carolina,737920.0,387920.0,386084.0
4604,2021-05-13T00:00:00.000Z,Flood,"SEVERE STORMS, FLOODING, AND LANDSLIDES",Hawaii,964645.0,1125419.0,0.0
4214,2015-04-13T00:00:00.000Z,Severe Storm,"SEVERE WINTER STORM, SNOWSTORM, AND FLOODING",Massachusetts,13277200.0,4395595.14,9530859.86
902,1991-04-23T00:00:00.000Z,Flood,SEVERE STORMS & FLOODING,Louisiana,96325.0,24.0,105114.0
4475,2020-01-21T00:00:00.000Z,Flood,FLOODING,North Dakota,2428451.0,878967.29,1954223.71
1645,2006-06-05T00:00:00.000Z,Severe Storm,"SEVERE STORMS, FLOODING, AND GROUND SATURATION",North Dakota,522260.0,288852.0,373069.0
849,1989-11-22T00:00:00.000Z,Flood,HEAVY RAINS & FLOODING,Louisiana,0.0,0.0,0.0
1945,2010-10-21T00:00:00.000Z,Severe Storm,"SEVERE STORMS, FLOODING, TORNADO, AND STRAIGHT-LIN",Nebraska,437656.0,444111.0,14946.0
1902,2010-04-21T00:00:00.000Z,Flood,"SEVERE STORMS, ICE JAMS, AND FLOODING",Nebraska,566870.0,571119.0,23471.0
1706,2007-06-06T00:00:00.000Z,Severe Storm,"SEVERE STORMS, FLOODING, AND TORNADOES",Nebraska,893758.0,318271.0,831281.0
1714,2007-07-24T00:00:00.000Z,Severe Storm,SEVERE STORMS AND FLOODING,Nebraska,348078.0,420647.0,27051.0
1924,2010-07-15T00:00:00.000Z,Severe Storm,SEVERE STORMS AND FLOODING,Nebraska,15052604.0,14554259.0,1234417.0
4550,2020-07-09T00:00:00.000Z,Severe Storm,"SEVERE STORMS, STRAIGHT-LINE WINDS, AND FLOODING",Tennessee,1287954.0,1381002.77,121610.23
1224,1998-06-23T00:00:00.000Z,Flood,HEAVY RAINS AND FLOODING,Massachusetts,1708343.0,39186.0,1749108.0
4745,2023-10-11T00:00:00.000Z,Flood,FLOODING,Montana,0.0,0.0,0.0
1517,2004-05-25T00:00:00.000Z,Severe Storm,"SEVERE STORMS, TORNADOES AND FLOODING",Nebraska,1108522.0,370908.0,1054873.0
1139,1996-09-17T00:00:00.000Z,Hurricane,SEVERE STORMS AND FLOODING ASSOC WITH TROPICAL STORM FRAN,Maryland,372812.0,0.0,390800.0
1721,2007-08-29T00:00:00.000Z,Severe Storm,SEVERE STORMS AND FLOODING,Nebraska,150575.0,193670.0,0.0
1765,2008-05-30T00:00:00.000Z,Severe Storm,"SEVERE STORMS, TORNADOES, AND FLOODING",Nebraska,78413.0,82247.0,0.0
1770,2008-06-20T00:00:00.000Z,Severe Storm,"SEVERE STORMS, TORNADOES, AND FLOODING",Nebraska,4931610.0,2307732.0,2865034.0
1779,2008-07-18T00:00:00.000Z,Severe Storm,"SEVERE STORMS, STRAIGHT-LINE WINDS, AND FLOODING",Nebraska,2105100.0,926392.0,1281647.0
4606,2021-06-02T00:00:00.000Z,Flood,"SEVERE STORMS, TORNADOES, AND FLOODING",Louisiana,3201741.0,3390287.5,345077.5
4139,2013-08-02T00:00:00.000Z,Severe Storm,"SEVERE STORMS, TORNADOES, AND FLOODING",New Hampshire,1056081.0,786618.64,321104.36
1431,2002-09-10T00:00:00.000Z,Severe Storm,"SEVERE STORMS, FLOODING AND TORNADOES",North Dakota,147350.0,31636.0,157886.0
4722,2023-07-19T00:00:00.000Z,Flood,SEVERE STORMS AND FLOODING,Minnesota,907608.0,1089129.0,0.0
4639,2022-02-15T00:00:00.000Z,Severe Storm,"SEVERE STORMS, FLOODING, AND LANDSLIDES",Hawaii,993446.0,1159020.0,0.0
879,1990-09-06T00:00:00.000Z,Flood,SEVERE STORMS & FLOODING,Iowa,108044.0,0.0,116774.0
4128,2013-07-12T00:00:00.000Z,Severe Storm,SEVERE STORMS AND FLOODING,North Dakota,1462235.0,573469.0,960269.0
4190,2014-08-19T00:00:00.000Z,Flood,SEVERE STORMS AND FLOODING,North Dakota,323162.0,70103.0,268862.0
1713,2007-07-17T00:00:00.000Z,Severe Storm,SEVERE STORMS AND FLOODING,North Dakota,376376.0,133529.0,345661.0
1230,1998-07-02T00:00:00.000Z,Flood,"SEVERE STORMS, TORNADOES AND FLOODING",Iowa,5827390.0,166719.0,5848542.0
4343,2017-10-07T00:00:00.000Z,Severe Storm,"SEVERE STORMS, STRAIGHT-LINE WINDS, FLOODING, LANDSLIDES, AND MUD",Wisconsin,1662972.0,58973.88,1936592.12
4118,2013-05-29T00:00:00.000Z,Flood,FLOODING,North Dakota,1004970.0,319303.0,734810.0
1373,2001-05-16T00:00:00.000Z,Severe Storm,"SEVERE WINTER STORMS, FLOODING AND TORNADOES",Nebraska,417874.0,122249.0,415221.0
4013,2011-08-12T00:00:00.000Z,Flood,FLOODING,Nebraska,17633066.0,3518672.39,14976650.61
4547,2020-07-09T00:00:00.000Z,Dam/Levee Break,SEVERE STORMS AND FLOODING,Michigan,9036920.0,5150766.12,5392306.88
4014,2011-08-12T00:00:00.000Z,Severe Storm,"SEVERE STORMS, TORNADOES, STRAIGHT LINE WINDS, AND FLOODING",Nebraska,528965.0,134083.0,420748.0
4387,2018-08-27T00:00:00.000Z,Severe Storm,"SEVERE STORMS, TORNADOES, STRAIGHT-LINE WINDS, AND FLOODING",Nebraska,399472.0,442879.71,36485.29
1286,1999-08-20T00:00:00.000Z,Severe Storm,SEVERE STORMS AND FLOODING,Nebraska,692177.0,268709.0,621569.0
4156,2013-11-26T00:00:00.000Z,Severe Storm,"SEVERE STORMS, WINTER STORMS, TORNADOES AND FLOODING",Nebraska,394262.0,43227.0,370314.0
4179,2014-06-17T00:00:00.000Z,Tornado,"SEVERE STORMS, TORNADOES, STRAIGHT-LINE WINDS, AND FLOODING",Nebraska,1501307.0,255609.19,1319111.81
4183,2014-07-24T00:00:00.000Z,Severe Storm,"SEVERE STORMS, TORNADOES, STRAIGHT-LINE WINDS, AND FLOODING",Nebraska,2092896.0,751153.0,1444086.0
4185,2014-07-28T00:00:00.000Z,Severe Storm,"SEVERE STORMS, TORNADOES, STRAIGHT-LINE WINDS, AND FLOODING",Nebraska,804198.0,630123.0,213400.0
1853,2009-07-31T00:00:00.000Z,Severe Storm,"SEVERE STORMS, FLOODING, AND TORNADOES",Nebraska,740745.0,366502.0,410465.0
4225,2015-06-25T00:00:00.000Z,Severe Storm,"SEVERE STORMS, TORNADOES, STRAIGHT-LINE WINDS, AND FLOODING",Nebraska,2206926.0,950282.18,1364562.82
4329,2017-08-09T00:00:00.000Z,Severe Storm,SEVERE STORMS AND FLOODING,New Hampshire,1174453.0,1180835.68,51048.32
1787,2008-09-05T00:00:00.000Z,Severe Storm,SEVERE STORMS AND FLOODING,New Hampshire,567995.0,40732.0,555038.0
4065,2012-06-15T00:00:00.000Z,Severe Storm,SEVERE STORM AND FLOODING,New Hampshire,486560.0,191148.0,319205.0
1695,2007-04-27T00:00:00.000Z,Severe Storm,SEVERE STORMS AND FLOODING,New Hampshire,3764858.0,1219398.0,3622962.0
4355,2018-01-02T00:00:00.000Z,Severe Storm,SEVERE STORM AND FLOODING,New Hampshire,1347520.0,1169675.08,447348.92
4370,2018-06-08T00:00:00.000Z,Coastal Storm,SEVERE STORM AND FLOODING,New Hampshire,470096.0,562235.0,0.0
1913,2010-05-12T00:00:00.000Z,Severe Storm,SEVERE STORMS AND FLOODING,New Hampshire,425111.0,43011.0,402888.0
4006,2011-07-22T00:00:00.000Z,Flood,SEVERE STORMS AND FLOODING,New Hampshire,187216.0,47823.81,148547.19
1489,2003-09-12T00:00:00.000Z,Severe Storm,SEVERE STORMS AND FLOODING,New Hampshire,61693.0,19521.0,59829.0
1799,2008-10-03T00:00:00.000Z,Severe Storm,SEVERE STORMS AND FLOODING,New Hampshire,319366.0,15021.0,319962.0
891,1991-01-05T00:00:00.000Z,Flood,SEVERE STORMS & FLOODING,Indiana,250833.0,29801.0,236490.0
1281,1999-07-20T00:00:00.000Z,Severe Storm,NV - FLASH FLOODING 7/8/99,Nevada,724512.0,213178.0,704930.0
4202,2014-11-05T00:00:00.000Z,Flood,SEVERE STORMS AND FLOODING,Nevada,556401.0,13038.96,570570.04
4463,2019-09-23T00:00:00.000Z,Flood,SEVERE STORMS AND FLOODING,South Dakota,1409244.0,463337.7,1227537.3
1534,2004-08-03T00:00:00.000Z,Severe Storm,SEVERE STORMS AND FLOODING,New York,938221.0,486880.0,711134.0
1782,2008-08-11T00:00:00.000Z,Severe Storm,"SEVERE STORMS, TORNADO, AND FLOODING",New Hampshire,227227.0,31473.0,206865.0
4622,2021-09-30T00:00:00.000Z,Severe Storm,SEVERE STORM AND FLOODING,New Hampshire,502078.0,576910.47,8847.53
4624,2021-10-04T00:00:00.000Z,Flood,SEVERE STORM AND FLOODING,New Hampshire,2531434.0,2940706.3,12632.7
1643,2006-05-25T00:00:00.000Z,Severe Storm,SEVERE STORMS AND FLOODING,New Hampshire,1666844.0,481012.0,1662883.0
1610,2005-10-26T00:00:00.000Z,Severe Storm,SEVERE STORMS AND FLOODING,New Hampshire,920937.0,226299.0,958210.0
1165,1997-03-06T00:00:00.000Z,Severe Storm,SEVERE STORMS AND FLOODING,Indiana,2018361.0,65271.0,2036225.0
4457,2019-08-15T00:00:00.000Z,Severe Storm,SEVERE STORM AND FLOODING,New Hampshire,490859.0,560222.0,28809.0
4609,2021-08-23T00:00:00.000Z,Flood,SEVERE STORM AND FLOODING,Tennessee,10679019.0,12008856.0,450000.0
1629,2006-02-03T00:00:00.000Z,Severe Storm,SEVERE STORMS AND FLOODING,Nevada,660066.0,158381.0,640210.0
1583,2005-03-07T00:00:00.000Z,Severe Storm,HEAVY RAINS AND FLOODING,Nevada,533519.0,275901.0,410149.0
1738,2008-01-08T00:00:00.000Z,Severe Storm,SEVERE WINTER STORMS AND FLOODING,Nevada,475538.0,398066.0,100726.0
962,1992-09-18T00:00:00.000Z,Severe Storm,"SEVERE STORMS, TORNADOES & FLOODING",Indiana,161915.0,0.0,173780.0
953,1992-08-17T00:00:00.000Z,Flood,SEVERE STORMS & FLASH FLOODING,Indiana,0.0,0.0,0.0
1589,2005-04-19T00:00:00.000Z,Severe Storm,SEVERE STORMS AND FLOODING,New York,3449558.0,2438609.0,1930842.0
1710,2007-07-02T00:00:00.000Z,Severe Storm,SEVERE STORMS AND FLOODING,New York,1883731.0,546240.0,1857348.0
1125,1996-07-03T00:00:00.000Z,Severe Storm,SEVERE STORMS AND FLOODING,Indiana,937133.0,0.0,984405.0
893,1991-01-29T00:00:00.000Z,Flood,SEVERE STORMS & FLOODING,Kentucky,295696.0,224927.0,92445.0
1117,1996-06-01T00:00:00.000Z,Severe Storm,"SEVERE STORMS, FLOODING AND TORNADOES",Kentucky,375242.0,0.0,395934.0
1486,2003-08-29T00:00:00.000Z,Severe Storm,"SEVERE STORMS, FLOODING, AND TORNADOES",New York,1755157.0,787475.0,1453627.0
1724,2007-08-31T00:00:00.000Z,Severe Storm,"SEVERE STORMS, FLOODING, AND TORNADO",New York,1262051.0,1379458.0,243792.0
1993,2011-06-10T00:00:00.000Z,Flood,"SEVERE STORMS, FLOODING, TORNADOES, AND STRAIGHT-LINE WINDS",New York,5264029.0,828434.0,4693006.0
1650,2006-07-01T00:00:00.000Z,Severe Storm,SEVERE STORMS AND FLOODING,New York,16463710.0,10531730.0,10584690.0
1665,2006-10-24T00:00:00.000Z,Severe Storm,SEVERE STORMS AND FLOODING,New York,16514231.0,13840994.0,7291700.0
1670,2006-12-12T00:00:00.000Z,Severe Storm,SEVERE STORMS AND FLOODING,New York,3959070.0,5010147.0,0.0
1507,2004-01-26T00:00:00.000Z,Severe Storm,"SEVERE STORMS, FLOODING, MUDSLIDES, AND LANDSLIDES",Ohio,875265.0,326097.0,774857.0
846,1989-10-30T00:00:00.000Z,Flood,"SEVERE STORMS, MUDSLIDES & FLOODING",Kentucky,379274.0,261774.0,126664.0
1339,2000-08-21T00:00:00.000Z,Severe Storm,SEVERE STORMS AND FLOODING,Ohio,1132279.0,548609.0,896815.0
1519,2004-06-03T00:00:00.000Z,Severe Storm,SEVERE STORMS AND FLOODING,Ohio,2305560.0,765455.0,2164906.0
1478,2003-07-15T00:00:00.000Z,Severe Storm,SEVERE STORMS AND FLOODING,Ohio,145762.0,149937.0,32689.0
4098,2013-01-03T00:00:00.000Z,Hurricane,SEVERE STORMS AND FLOODING DUE TO THE REMNANTS OF HURRICANE SANDY,Ohio,3704581.0,122188.14,3763546.86
821,1989-02-24T00:00:00.000Z,Flood,SEVERE STORMS & FLOODING,Kentucky,545000.0,2957.0,579052.0
834,1989-06-30T00:00:00.000Z,Flood,SEVERE STORMS & FLOODING,Kentucky,326355.0,55899.0,293338.0
1321,2000-03-07T00:00:00.000Z,Severe Storm,SEVERE STORMS AND FLOODING,Ohio,297310.0,61836.0,316618.0
4002,2011-07-13T00:00:00.000Z,Severe Storm,SEVERE STORMS AND FLOODING,Ohio,5046137.0,782398.0,4510495.0
1656,2006-08-01T00:00:00.000Z,Severe Storm,"SEVERE STORMS, STRAIGHT LINE WINDS, AND FLOODING",Ohio,3411736.0,1528697.0,2797299.0
1580,2005-02-15T00:00:00.000Z,Severe Storm,"SEVERE WINTER STORMS, FLOODING, AND MUDSLIDES",Ohio,7534746.0,3877016.0,5694936.0
1651,2006-07-02T00:00:00.000Z,Severe Storm,"SEVERE STORMS, TORNADOES, STRAIGHT LINE WINDS, AND FLOODING",Ohio,1798019.0,582601.0,1685290.0
1720,2007-08-27T00:00:00.000Z,Severe Storm,"SEVERE STORMS, FLOODING, AND TORNADOES",Ohio,6630799.0,3872129.0,4523515.0
1556,2004-09-19T00:00:00.000Z,Severe Storm,SEVERE STORMS AND FLOODING,Ohio,3948349.0,2454897.0,2541082.0
4447,2019-06-18T00:00:00.000Z,Tornado,"SEVERE STORMS, STRAIGHT-LINE WINDS, TORNADOES, FLOODING, LANDSLIDES, AND MUDSLIDE",Ohio,3081727.0,74912.79,3623159.21
1803,2008-10-09T00:00:00.000Z,Severe Storm,"SEVERE STORMS, TORNADOES, AND FLOODING",Oklahoma,1076064.0,403313.61,725370.39
1335,2000-07-21T00:00:00.000Z,Severe Storm,SEVERE STORMS AND FLOODING,New York,3719210.0,1966096.0,2766765.0
1869,2009-12-31T00:00:00.000Z,Severe Storm,SEVERE STORMS AND FLOODING ASSOC W TD IDA & NOR'EASTER,New York,4816052.0,4742344.0,309213.0
1692,2007-04-24T00:00:00.000Z,Severe Storm,SEVERE STORMS AND INLAND AND COASTAL FLOODING,New York,12521914.0,14378219.0,1680577.0
1899,2010-04-16T00:00:00.000Z,Severe Storm,SEVERE STORMS AND FLOODING,New York,14802375.0,950434.0,14575777.0
4348,2017-11-14T00:00:00.000Z,Flood,FLOODING,New York,3843668.0,1828568.69,2783833.31
1857,2009-09-01T00:00:00.000Z,Severe Storm,SEVERE STORMS AND FLOODING,New York,5895761.0,5176806.0,1007258.0
4683,2023-01-14T00:00:00.000Z,Flood,"SEVERE WINTER STORMS, FLOODING, LANDSLIDES, AND MUDSLIDES",California,116276217.0,137499791.01,2031668.99
4204,2014-12-22T00:00:00.000Z,Snowstorm,"SEVERE WINTER STORM, SNOWSTORM, AND FLOODING",New York,6159655.0,4162383.35,2225128.65
1564,2004-10-01T00:00:00.000Z,Severe Storm,SEVERE STORMS AND FLOODING,New York,964410.0,398191.0,825556.0
4664,2022-08-02T00:00:00.000Z,Severe Storm,"SEVERE STORM, STRAIGHT-LINE WINDS, TORNADOES, AND FLOODING",South Dakota,318580.0,382296.0,0.0
4461,2019-09-19T00:00:00.000Z,Flood,SEVERE STORMS AND FLOODING,Illinois,11558332.0,9332491.26,4537506.74
1390,2001-08-27T00:00:00.000Z,Severe Storm,SEVERE STORMS AND FLOODING,Ohio,876439.0,189462.0,914172.0
1484,2003-08-01T00:00:00.000Z,Tornado,"TORNADOES, FLOODING, SEVERE STORMS, AND HIGH WINDS",Ohio,6016488.0,3378992.0,4328378.0
830,1989-06-07T00:00:00.000Z,Flood,SEVERE STORMS & FLOODING,Maine,114556.0,6778.0,117226.0
4064,2012-06-14T00:00:00.000Z,Severe Storm,"SEVERE STORMS, TORNADOES, STRAIGHT-LINE WINDS, AND FLOODING",Oklahoma,437673.0,71164.37,387910.63
915,1991-08-28T00:00:00.000Z,Hurricane,HURRICANE BOB & FLOODING,Maine,330690.0,0.0,357148.0
4177,2014-05-06T00:00:00.000Z,Severe Storm,"SEVERE STORMS, TORNADOES, STRAIGHT-LINE WINDS, AND FLOODING",Florida,34621468.0,320990.53,35993467.47
1712,2007-07-07T00:00:00.000Z,Severe Storm,"SEVERE STORMS, FLOODING, AND TORNADOES",Oklahoma,7832306.0,9011431.0,991359.0
4438,2019-06-01T00:00:00.000Z,Severe Storm,"SEVERE STORMS, STRAIGHT-LINE WINDS, TORNADOES, AND FLOODING",Oklahoma,9486554.0,1794052.9,9551866.1
901,1991-04-19T00:00:00.000Z,Snowstorm,"SEVERE STORMS, ICE JAMS & FLOODING",Maine,949696.0,0.0,1010478.0
1263,1999-01-21T00:00:00.000Z,Severe Storm,ME - FLOODING 10/16/98,Maine,221216.0,0.0,235411.0
1232,1998-07-02T00:00:00.000Z,Severe Storm,SEVERE STORMS AND FLOODING,Maine,297588.0,0.0,315378.0
1143,1996-10-28T00:00:00.000Z,Flood,SEVERE STORMS AND FLOODING,Maine,1479503.0,1.0,1554488.0
4476,2020-03-05T00:00:00.000Z,Tornado,"SEVERE STORMS, TORNADOES, STRAIGHT-LINE WINDS, AND FLOODING",Tennessee,9564627.0,9750677.91,1408053.09
4417,2019-02-25T00:00:00.000Z,Severe Storm,"SEVERE STORMS, STRAIGHT-LINE WINDS, AND FLOODING",Kansas,494232.0,361854.88,231223.12
1788,2008-09-09T00:00:00.000Z,Severe Storm,"SEVERE STORMS, FLOODING, AND TORNADOES",Maine,398741.0,418239.0,0.0
4552,2020-07-09T00:00:00.000Z,Severe Storm,"SEVERE STORMS, TORNADOES, STRAIGHT-LINE WINDS, AND FLOODING",Missouri,1578027.0,60260.32,1780770.68
1756,2008-05-14T00:00:00.000Z,Severe Storm," SEVERE STORMS, TORNADOES, AND FLOODING",Oklahoma,818900.0,848035.0,10909.0
4256,2016-02-10T00:00:00.000Z,Severe Storm,SEVERE WINTER STORMS AND FLOODING,Oklahoma,8328147.0,10400.49,8724992.51
1926,2010-07-26T00:00:00.000Z,Severe Storm,"SEVERE STORMS, TORNADOES, STRAIGHT-LINE WINDS, AND FLOODING",Oklahoma,519834.0,4175.17,541078.83
1384,2001-06-29T00:00:00.000Z,Severe Storm,"SEVERE STORMS, FLOODING, AND TORNADOES",Oklahoma,1001451.0,230655.0,1051510.0
4222,2015-05-26T00:00:00.000Z,Severe Storm,"SEVERE STORMS, TORNADOES, STRAIGHT-LINE WINDS, AND FLOODING",Oklahoma,12507796.0,1832894.63,11286532.37
4479,2020-03-17T00:00:00.000Z,Severe Storm,"SEVERE STORMS, TORNADOES, STRAIGHT-LINE WINDS, AND FLOODING",South Carolina,1091265.0,95686.17,1177456.83
