year,share_poverty_exposure,state_name,place_name
2021,0.450954189,Alabama,Auburn city
2021,0.183112184,Alabama,Auburn city
2021,0.731023618,Alabama,Auburn city
2021,0.62539745,Alabama,Auburn city
2021,0.513438321,Alabama,Auburn city
2021,0.341036,Alabama,Birmingham city
2021,0.353894539,Alabama,Birmingham city
2021,0.272623927,Alabama,Birmingham city
2021,0.266938059,Alabama,Birmingham city
2021,0.285287117,Alabama,Birmingham city
2021,0,Alabama,Hoover city
2021,0,Alabama,Hoover city
2021,0,Alabama,Hoover city
2021,0,Alabama,Hoover city
2021,0,Alabama,Hoover city
2021,0.213182146,Alabama,Huntsville city
2021,0.293976181,Alabama,Huntsville city
2021,0.253346192,Alabama,Huntsville city
2021,0.159679886,Alabama,Huntsville city
2021,0.093848147,Alabama,Huntsville city
2021,0.155801332,Alabama,Mobile city
2021,0.210024364,Alabama,Mobile city
2021,0.005366609,Alabama,Mobile city
2021,0.066674294,Alabama,Mobile city
2021,0.017288802,Alabama,Mobile city
2021,0.270520877,Alabama,Montgomery city
2021,0.313046403,Alabama,Montgomery city
2021,0.293297587,Alabama,Montgomery city
2021,0.110481568,Alabama,Montgomery city
2021,0.063087104,Alabama,Montgomery city
2021,0.260855858,Alabama,Tuscaloosa city
2021,0.127635398,Alabama,Tuscaloosa city
2021,0.094745304,Alabama,Tuscaloosa city
2021,0.202914451,Alabama,Tuscaloosa city
2021,0.449692823,Alabama,Tuscaloosa city
2021,0.089030632,Alaska,Anchorage municipality
2021,0.070974576,Alaska,Anchorage municipality
2021,0.232937685,Alaska,Anchorage municipality
2021,0.156065195,Alaska,Anchorage municipality
2021,0.003456583,Alaska,Anchorage municipality
2021,0,Arizona,Avondale city
2021,0,Arizona,Avondale city
2021,0,Arizona,Avondale city
2021,0,Arizona,Avondale city
2021,0,Arizona,Avondale city
2021,0,Arizona,Buckeye city
2021,0,Arizona,Buckeye city
2021,0,Arizona,Buckeye city
2021,0,Arizona,Buckeye city
2021,0,Arizona,Buckeye city
2021,1.95E-04,Arizona,Chandler city
2021,0,Arizona,Chandler city
2021,3.06E-04,Arizona,Chandler city
2021,0,Arizona,Chandler city
2021,2.27E-04,Arizona,Chandler city
2021,0.3670358,Arizona,Flagstaff city
2021,0.073811122,Arizona,Flagstaff city
2021,0.252511825,Arizona,Flagstaff city
2021,0.480519074,Arizona,Flagstaff city
2021,0.338237679,Arizona,Flagstaff city
2021,0,Arizona,Gilbert town
2021,0,Arizona,Gilbert town
2021,0,Arizona,Gilbert town
2021,0,Arizona,Gilbert town
2021,0,Arizona,Gilbert town
2021,0.033285118,Arizona,Glendale city
2021,0.013148344,Arizona,Glendale city
2021,0.040931158,Arizona,Glendale city
2021,0.017802255,Arizona,Glendale city
2021,0.026703775,Arizona,Glendale city
2021,0,Arizona,Goodyear city
2021,0,Arizona,Goodyear city
2021,0,Arizona,Goodyear city
2021,0,Arizona,Goodyear city
2021,0,Arizona,Goodyear city
2021,0.11436209,Arizona,Mesa city
2021,0.032831889,Arizona,Mesa city
2021,0.203970667,Arizona,Mesa city
2021,0.121724574,Arizona,Mesa city
2021,0.044254998,Arizona,Mesa city
2021,0,Arizona,Peoria city
2021,0,Arizona,Peoria city
2021,0,Arizona,Peoria city
2021,0,Arizona,Peoria city
2021,0,Arizona,Peoria city
2021,0.08829037,Arizona,Phoenix city
2021,0.107293026,Arizona,Phoenix city
2021,0.104193061,Arizona,Phoenix city
2021,0.101913964,Arizona,Phoenix city
2021,0.042536019,Arizona,Phoenix city
2021,0,Arizona,Scottsdale city
2021,0,Arizona,Scottsdale city
2021,0,Arizona,Scottsdale city
2021,0,Arizona,Scottsdale city
2021,0,Arizona,Scottsdale city
2021,0,Arizona,Surprise city
2021,0,Arizona,Surprise city
2021,0,Arizona,Surprise city
2021,0,Arizona,Surprise city
2021,0,Arizona,Surprise city
2021,0.05725891,Arizona,Tempe city
2021,0.038303879,Arizona,Tempe city
2021,0.035258667,Arizona,Tempe city
2021,0.069044321,Arizona,Tempe city
2021,0.052416065,Arizona,Tempe city
2021,0.080510175,Arizona,Tucson city
2021,0.060508531,Arizona,Tucson city
2021,0.031132014,Arizona,Tucson city
2021,0.047433571,Arizona,Tucson city
2021,0.150955885,Arizona,Tucson city
2021,0.117090177,Arizona,Yuma city
2021,0.308897445,Arizona,Yuma city
2021,0.12306764,Arizona,Yuma city
2021,0.163619043,Arizona,Yuma city
2021,0.086545919,Arizona,Yuma city
2021,0.211384092,Arkansas,Fayetteville city
2021,0.179223819,Arkansas,Fayetteville city
2021,0.07512326,Arkansas,Fayetteville city
2021,0.167144693,Arkansas,Fayetteville city
2021,0.23487299,Arkansas,Fayetteville city
2021,0,Arkansas,Fort Smith city
2021,0,Arkansas,Fort Smith city
2021,0,Arkansas,Fort Smith city
2021,0,Arkansas,Fort Smith city
2021,0,Arkansas,Fort Smith city
2021,0.212584573,Arkansas,Jonesboro city
2021,0.224301158,Arkansas,Jonesboro city
2021,0.46970966,Arkansas,Jonesboro city
2021,0.380981496,Arkansas,Jonesboro city
2021,0.153777914,Arkansas,Jonesboro city
2021,0.092427459,Arkansas,Little Rock city
2021,0.117500845,Arkansas,Little Rock city
2021,0.08268245,Arkansas,Little Rock city
2021,0.052806734,Arkansas,Little Rock city
2021,0.042578434,Arkansas,Little Rock city
2021,0.115405535,Arkansas,Springdale city
2021,0,Arkansas,Springdale city
2021,0.19184143,Arkansas,Springdale city
2021,0.148858073,Arkansas,Springdale city
2021,0.029528388,Arkansas,Springdale city
2021,0,California,Alameda city
2021,0,California,Alameda city
2021,0,California,Alameda city
2021,0,California,Alameda city
2021,0,California,Alameda city
2021,0,California,Alhambra city
2021,0,California,Alhambra city
2021,0,California,Alhambra city
2021,0,California,Alhambra city
2021,0,California,Alhambra city
2021,0,California,Anaheim city
2021,0,California,Anaheim city
2021,0,California,Anaheim city
2021,0,California,Anaheim city
2021,0,California,Anaheim city
2021,0,California,Antioch city
2021,0,California,Antioch city
2021,0,California,Antioch city
2021,0,California,Antioch city
2021,0,California,Antioch city
2021,0.186284579,California,Apple Valley town
2021,0.414168184,California,Apple Valley town
2021,0.155762805,California,Apple Valley town
2021,0.188590093,California,Apple Valley town
2021,0.034592014,California,Apple Valley town
2021,0.259813121,California,Bakersfield city
2021,0.318288281,California,Bakersfield city
2021,0.295876993,California,Bakersfield city
2021,0.283789532,California,Bakersfield city
2021,0.160723749,California,Bakersfield city
2021,0,California,Bellflower city
2021,0,California,Bellflower city
2021,0,California,Bellflower city
2021,0,California,Bellflower city
2021,0,California,Bellflower city
2021,0.459918985,California,Berkeley city
2021,0.1577655,California,Berkeley city
2021,0.378428638,California,Berkeley city
2021,0.552923915,California,Berkeley city
2021,0.399686744,California,Berkeley city
2021,0,California,Buena Park city
2021,0,California,Buena Park city
2021,0,California,Buena Park city
2021,0,California,Buena Park city
2021,0,California,Buena Park city
2021,0,California,Burbank city
2021,0,California,Burbank city
2021,0,California,Burbank city
2021,0,California,Burbank city
2021,0,California,Burbank city
2021,0,California,Carlsbad city
2021,0,California,Carlsbad city
2021,0,California,Carlsbad city
2021,0,California,Carlsbad city
2021,0,California,Carlsbad city
2021,0,California,Carson city
2021,0,California,Carson city
2021,0,California,Carson city
2021,0,California,Carson city
2021,0,California,Carson city
2021,0.419560045,California,Chico city
2021,0.619483473,California,Chico city
2021,0.440322872,California,Chico city
2021,0.378881842,California,Chico city
2021,0.415302928,California,Chico city
2021,4.44E-04,California,Chino city
2021,0.002961492,California,Chino city
2021,3.22E-04,California,Chino city
2021,0,California,Chino city
2021,0,California,Chino city
2021,0,California,Chino Hills city
2021,0,California,Chino Hills city
2021,0,California,Chino Hills city
2021,0,California,Chino Hills city
2021,0,California,Chino Hills city
2021,0,California,Chula Vista city
2021,0,California,Chula Vista city
2021,0,California,Chula Vista city
2021,0,California,Chula Vista city
2021,0,California,Chula Vista city
2021,0,California,Citrus Heights city
2021,0,California,Citrus Heights city
2021,0,California,Citrus Heights city
2021,0,California,Citrus Heights city
2021,0,California,Citrus Heights city
2021,0,California,Clovis city
2021,0,California,Clovis city
2021,0,California,Clovis city
2021,0,California,Clovis city
2021,0,California,Clovis city
2021,0,California,Compton city
2021,0,California,Compton city
2021,0,California,Compton city
2021,0,California,Compton city
2021,0,California,Compton city
2021,0,California,Concord city
2021,0,California,Concord city
2021,0,California,Concord city
2021,0,California,Concord city
2021,0,California,Concord city
2021,0,California,Corona city
2021,0,California,Corona city
2021,0,California,Corona city
2021,0,California,Corona city
2021,0,California,Corona city
2021,0,California,Costa Mesa city
2021,0,California,Costa Mesa city
2021,0,California,Costa Mesa city
2021,0,California,Costa Mesa city
2021,0,California,Costa Mesa city
2021,0,California,Daly City city
2021,0,California,Daly City city
2021,0,California,Daly City city
2021,0,California,Daly City city
2021,0,California,Daly City city
2021,0,California,Downey city
2021,0,California,Downey city
2021,0,California,Downey city
2021,0,California,Downey city
2021,0,California,Downey city
2021,0.131151417,California,El Cajon city
2021,0.185110739,California,El Cajon city
2021,0.095585006,California,El Cajon city
2021,0.067371194,California,El Cajon city
2021,0.163050039,California,El Cajon city
2021,0,California,Elk Grove city
2021,0,California,Elk Grove city
2021,0,California,Elk Grove city
2021,0,California,Elk Grove city
2021,0,California,Elk Grove city
2021,0,California,El Monte city
2021,0,California,El Monte city
2021,0,California,El Monte city
2021,0,California,El Monte city
2021,0,California,El Monte city
2021,0,California,Escondido city
2021,0,California,Escondido city
2021,0,California,Escondido city
2021,0,California,Escondido city
2021,0,California,Escondido city
2021,0,California,Fairfield city
2021,0,California,Fairfield city
2021,0,California,Fairfield city
2021,0,California,Fairfield city
2021,0,California,Fairfield city
2021,0,California,Folsom city
2021,NA,California,Folsom city
2021,0,California,Folsom city
2021,0,California,Folsom city
2021,0,California,Folsom city
2021,0,California,Fontana city
2021,0,California,Fontana city
2021,0,California,Fontana city
2021,0,California,Fontana city
2021,0,California,Fontana city
2021,0,California,Fremont city
2021,0,California,Fremont city
2021,0,California,Fremont city
2021,0,California,Fremont city
2021,0,California,Fremont city
2021,0.274388885,California,Fresno city
2021,0.330978634,California,Fresno city
2021,0.291130133,California,Fresno city
2021,0.26235643,California,Fresno city
2021,0.198787783,California,Fresno city
2021,0,California,Fullerton city
2021,0,California,Fullerton city
2021,0,California,Fullerton city
2021,0,California,Fullerton city
2021,0,California,Fullerton city
2021,0,California,Garden Grove city
2021,0,California,Garden Grove city
2021,0,California,Garden Grove city
2021,0,California,Garden Grove city
2021,0,California,Garden Grove city
2021,0,California,Glendale city
2021,0,California,Glendale city
2021,0,California,Glendale city
2021,0,California,Glendale city
2021,0,California,Glendale city
2021,0.048517587,California,Hawthorne city
2021,0.035458475,California,Hawthorne city
2021,0.061847362,California,Hawthorne city
2021,0.063406377,California,Hawthorne city
2021,0.010760874,California,Hawthorne city
2021,0,California,Hayward city
2021,0,California,Hayward city
2021,0,California,Hayward city
2021,0,California,Hayward city
2021,0,California,Hayward city
2021,0,California,Hemet city
2021,0,California,Hemet city
2021,0,California,Hemet city
2021,0,California,Hemet city
2021,0,California,Hemet city
2021,0.050325597,California,Hesperia city
2021,0.135575303,California,Hesperia city
2021,0.02865735,California,Hesperia city
2021,0.058065498,California,Hesperia city
2021,0.055434984,California,Hesperia city
2021,0,California,Huntington Beach city
2021,0,California,Huntington Beach city
2021,0,California,Huntington Beach city
2021,0,California,Huntington Beach city
2021,0,California,Huntington Beach city
2021,0,California,Indio city
2021,0,California,Indio city
2021,0,California,Indio city
2021,0,California,Indio city
2021,0,California,Indio city
2021,0,California,Inglewood city
2021,0,California,Inglewood city
2021,0,California,Inglewood city
2021,0,California,Inglewood city
2021,0,California,Inglewood city
2021,0.090672756,California,Irvine city
2021,0.067819311,California,Irvine city
2021,0.103740858,California,Irvine city
2021,0.102700193,California,Irvine city
2021,0.07047012,California,Irvine city
2021,0,California,Jurupa Valley city
2021,0,California,Jurupa Valley city
2021,0,California,Jurupa Valley city
2021,0,California,Jurupa Valley city
2021,0,California,Jurupa Valley city
2021,0,California,Lake Forest city
2021,0,California,Lake Forest city
2021,0,California,Lake Forest city
2021,0,California,Lake Forest city
2021,0,California,Lake Forest city
2021,0,California,Lakewood city
2021,0,California,Lakewood city
2021,0,California,Lakewood city
2021,0,California,Lakewood city
2021,0,California,Lakewood city
2021,0.059884656,California,Lancaster city
2021,0.01774757,California,Lancaster city
2021,0.110645722,California,Lancaster city
2021,0.015307474,California,Lancaster city
2021,0,California,Lancaster city
2021,0,California,Livermore city
2021,0,California,Livermore city
2021,0,California,Livermore city
2021,0,California,Livermore city
2021,0,California,Livermore city
2021,9.17E-04,California,Long Beach city
2021,0,California,Long Beach city
2021,0.001441765,California,Long Beach city
2021,0.002077567,California,Long Beach city
2021,0,California,Long Beach city
2021,0.076721925,California,Los Angeles city
2021,0.123318172,California,Los Angeles city
2021,0.067315464,California,Los Angeles city
2021,0.070400739,California,Los Angeles city
2021,0.061679068,California,Los Angeles city
2021,0,California,Manteca city
2021,0,California,Manteca city
2021,0,California,Manteca city
2021,0,California,Manteca city
2021,0,California,Manteca city
2021,0,California,Menifee city
2021,0,California,Menifee city
2021,0,California,Menifee city
2021,0,California,Menifee city
2021,0,California,Menifee city
2021,0.245667796,California,Merced city
2021,0.245305433,California,Merced city
2021,0.260009586,California,Merced city
2021,0.268589619,California,Merced city
2021,0.129341975,California,Merced city
2021,0,California,Milpitas city
2021,0,California,Milpitas city
2021,0,California,Milpitas city
2021,0,California,Milpitas city
2021,0,California,Milpitas city
2021,0,California,Mission Viejo city
2021,0,California,Mission Viejo city
2021,0,California,Mission Viejo city
2021,0,California,Mission Viejo city
2021,0,California,Mission Viejo city
2021,0.084302483,California,Modesto city
2021,0.111617332,California,Modesto city
2021,0.108170978,California,Modesto city
2021,0.112977922,California,Modesto city
2021,0.048196166,California,Modesto city
2021,0,California,Moreno Valley city
2021,0,California,Moreno Valley city
2021,0,California,Moreno Valley city
2021,0,California,Moreno Valley city
2021,0,California,Moreno Valley city
2021,0,California,Mountain View city
2021,0,California,Mountain View city
2021,0,California,Mountain View city
2021,0,California,Mountain View city
2021,0,California,Mountain View city
2021,0,California,Murrieta city
2021,0,California,Murrieta city
2021,0,California,Murrieta city
2021,0,California,Murrieta city
2021,0,California,Murrieta city
2021,0.006163434,California,Napa city
2021,0.056337657,California,Napa city
2021,0.002537282,California,Napa city
2021,0.004675007,California,Napa city
2021,0.005304656,California,Napa city
2021,0,California,Newport Beach city
2021,0,California,Newport Beach city
2021,0,California,Newport Beach city
2021,0,California,Newport Beach city
2021,0,California,Newport Beach city
2021,0,California,Norwalk city
2021,0,California,Norwalk city
2021,0,California,Norwalk city
2021,0,California,Norwalk city
2021,0,California,Norwalk city
2021,0.010287401,California,Oakland city
2021,0.016202946,California,Oakland city
2021,0.003102137,California,Oakland city
2021,0.008558652,California,Oakland city
2021,0.006225458,California,Oakland city
2021,0,California,Oceanside city
2021,0,California,Oceanside city
2021,0,California,Oceanside city
2021,0,California,Oceanside city
2021,0,California,Oceanside city
2021,0,California,Ontario city
2021,0,California,Ontario city
2021,0,California,Ontario city
2021,0,California,Ontario city
2021,0,California,Ontario city
2021,0,California,Orange city
2021,0,California,Orange city
2021,0,California,Orange city
2021,0,California,Orange city
2021,0,California,Orange city
2021,0,California,Oxnard city
2021,0,California,Oxnard city
2021,0,California,Oxnard city
2021,0,California,Oxnard city
2021,0,California,Oxnard city
2021,0,California,Palmdale city
2021,0,California,Palmdale city
2021,0,California,Palmdale city
2021,0,California,Palmdale city
2021,0,California,Palmdale city
2021,0.08384037,California,Pasadena city
2021,0.163220626,California,Pasadena city
2021,0.119176617,California,Pasadena city
2021,0.0942656,California,Pasadena city
2021,0.044899066,California,Pasadena city
2021,0,California,Perris city
2021,0,California,Perris city
2021,0,California,Perris city
2021,0,California,Perris city
2021,0,California,Perris city
2021,0,California,Pittsburg city
2021,0,California,Pittsburg city
2021,0,California,Pittsburg city
2021,0,California,Pittsburg city
2021,0,California,Pittsburg city
2021,0,California,Pleasanton city
2021,0,California,Pleasanton city
2021,0,California,Pleasanton city
2021,0,California,Pleasanton city
2021,0,California,Pleasanton city
2021,0.09646943,California,Pomona city
2021,0.126170182,California,Pomona city
2021,0.116694393,California,Pomona city
2021,0.059069211,California,Pomona city
2021,0.037660949,California,Pomona city
2021,0,California,Rancho Cordova city
2021,0,California,Rancho Cordova city
2021,0,California,Rancho Cordova city
2021,0,California,Rancho Cordova city
2021,0,California,Rancho Cordova city
2021,0,California,Rancho Cucamonga city
2021,0,California,Rancho Cucamonga city
2021,0,California,Rancho Cucamonga city
2021,0,California,Rancho Cucamonga city
2021,0,California,Rancho Cucamonga city
2021,0,California,Redding city
2021,0,California,Redding city
2021,0,California,Redding city
2021,0,California,Redding city
2021,0,California,Redding city
2021,0,California,Redwood City city
2021,0,California,Redwood City city
2021,0,California,Redwood City city
2021,0,California,Redwood City city
2021,0,California,Redwood City city
2021,0,California,Rialto city
2021,0,California,Rialto city
2021,0,California,Rialto city
2021,0,California,Rialto city
2021,0,California,Rialto city
2021,0,California,Richmond city
2021,0,California,Richmond city
2021,0,California,Richmond city
2021,0,California,Richmond city
2021,0,California,Richmond city
2021,1.58E-04,California,Riverside city
2021,0,California,Riverside city
2021,2.67E-04,California,Riverside city
2021,0,California,Riverside city
2021,0,California,Riverside city
2021,0,California,Roseville city
2021,0,California,Roseville city
2021,0,California,Roseville city
2021,0,California,Roseville city
2021,0,California,Roseville city
2021,0.076081851,California,Sacramento city
2021,0.14875703,California,Sacramento city
2021,0.076020601,California,Sacramento city
2021,0.065682625,California,Sacramento city
2021,0.043360066,California,Sacramento city
2021,0,California,Salinas city
2021,0,California,Salinas city
2021,0,California,Salinas city
2021,0,California,Salinas city
2021,0,California,Salinas city
2021,0.018986056,California,San Bernardino city
2021,0.013457196,California,San Bernardino city
2021,0.018841999,California,San Bernardino city
2021,0.024333939,California,San Bernardino city
2021,0.018544191,California,San Bernardino city
2021,0,California,San Buenaventura (Ventura) city
2021,0,California,San Buenaventura (Ventura) city
2021,0,California,San Buenaventura (Ventura) city
2021,0,California,San Buenaventura (Ventura) city
2021,0,California,San Buenaventura (Ventura) city
2021,0.038385048,California,San Diego city
2021,0.036655097,California,San Diego city
2021,0.01465783,California,San Diego city
2021,0.018276786,California,San Diego city
2021,0.080224776,California,San Diego city
2021,0.037701709,California,San Francisco city
2021,0.114109684,California,San Francisco city
2021,0.023613367,California,San Francisco city
2021,0.021589073,California,San Francisco city
2021,0.033981788,California,San Francisco city
2021,0.010315923,California,San Jose city
2021,0.013366074,California,San Jose city
2021,0.009809457,California,San Jose city
2021,0.012803129,California,San Jose city
2021,0.005111561,California,San Jose city
2021,0,California,San Leandro city
2021,0,California,San Leandro city
2021,0,California,San Leandro city
2021,0,California,San Leandro city
2021,0,California,San Leandro city
2021,0,California,San Marcos city
2021,0,California,San Marcos city
2021,0,California,San Marcos city
2021,0,California,San Marcos city
2021,0,California,San Marcos city
2021,0,California,San Mateo city
2021,0,California,San Mateo city
2021,0,California,San Mateo city
2021,0,California,San Mateo city
2021,0,California,San Mateo city
2021,0,California,San Ramon city
2021,0,California,San Ramon city
2021,0,California,San Ramon city
2021,0,California,San Ramon city
2021,0,California,San Ramon city
2021,0,California,Santa Ana city
2021,0,California,Santa Ana city
2021,0,California,Santa Ana city
2021,0,California,Santa Ana city
2021,0,California,Santa Ana city
2021,0,California,Santa Barbara city
2021,0,California,Santa Barbara city
2021,0,California,Santa Barbara city
2021,0,California,Santa Barbara city
2021,0,California,Santa Barbara city
2021,0,California,Santa Clara city
2021,0,California,Santa Clara city
2021,0,California,Santa Clara city
2021,0,California,Santa Clara city
2021,0,California,Santa Clara city
2021,0,California,Santa Clarita city
2021,0,California,Santa Clarita city
2021,0,California,Santa Clarita city
2021,0,California,Santa Clarita city
2021,0,California,Santa Clarita city
2021,0,California,Santa Maria city
2021,0,California,Santa Maria city
2021,0,California,Santa Maria city
2021,0,California,Santa Maria city
2021,0,California,Santa Maria city
2021,0,California,Santa Monica city
2021,0,California,Santa Monica city
2021,0,California,Santa Monica city
2021,0,California,Santa Monica city
2021,0,California,Santa Monica city
2021,0,California,Santa Rosa city
2021,0,California,Santa Rosa city
2021,0,California,Santa Rosa city
2021,0,California,Santa Rosa city
2021,0,California,Santa Rosa city
2021,0,California,Simi Valley city
2021,0,California,Simi Valley city
2021,0,California,Simi Valley city
2021,0,California,Simi Valley city
2021,0,California,Simi Valley city
2021,0,California,South Gate city
2021,0,California,South Gate city
2021,0,California,South Gate city
2021,0,California,South Gate city
2021,0,California,South Gate city
2021,0.062889785,California,Stockton city
2021,0.11905919,California,Stockton city
2021,0.063269862,California,Stockton city
2021,0.049222255,California,Stockton city
2021,0.050149324,California,Stockton city
2021,0,California,Sunnyvale city
2021,0,California,Sunnyvale city
2021,0,California,Sunnyvale city
2021,0,California,Sunnyvale city
2021,0,California,Sunnyvale city
2021,0,California,Temecula city
2021,0,California,Temecula city
2021,0,California,Temecula city
2021,0,California,Temecula city
2021,0,California,Temecula city
2021,0,California,Thousand Oaks city
2021,0,California,Thousand Oaks city
2021,0,California,Thousand Oaks city
2021,0,California,Thousand Oaks city
2021,0,California,Thousand Oaks city
2021,0,California,Torrance city
2021,0,California,Torrance city
2021,0,California,Torrance city
2021,0,California,Torrance city
2021,0,California,Torrance city
2021,0,California,Tracy city
2021,0,California,Tracy city
2021,0,California,Tracy city
2021,0,California,Tracy city
2021,0,California,Tracy city
2021,0,California,Tustin city
2021,0,California,Tustin city
2021,0,California,Tustin city
2021,0,California,Tustin city
2021,0,California,Tustin city
2021,0,California,Upland city
2021,0,California,Upland city
2021,0,California,Upland city
2021,0,California,Upland city
2021,0,California,Upland city
2021,0,California,Vacaville city
2021,0,California,Vacaville city
2021,0,California,Vacaville city
2021,0,California,Vacaville city
2021,0,California,Vacaville city
2021,0,California,Vallejo city
2021,0,California,Vallejo city
2021,0,California,Vallejo city
2021,0,California,Vallejo city
2021,0,California,Vallejo city
2021,0.085141719,California,Victorville city
2021,0.056167481,California,Victorville city
2021,0.095093386,California,Victorville city
2021,0.096269458,California,Victorville city
2021,0.110868325,California,Victorville city
2021,0.172168502,California,Visalia city
2021,0.057578804,California,Visalia city
2021,0.195991736,California,Visalia city
2021,0.26840099,California,Visalia city
2021,0.089190973,California,Visalia city
2021,0,California,Vista city
2021,0,California,Vista city
2021,0,California,Vista city
2021,0,California,Vista city
2021,0,California,Vista city
2021,0,California,West Covina city
2021,0,California,West Covina city
2021,0,California,West Covina city
2021,0,California,West Covina city
2021,0,California,West Covina city
2021,0,California,Westminster city
2021,0,California,Westminster city
2021,0,California,Westminster city
2021,0,California,Westminster city
2021,0,California,Westminster city
2021,0,California,Whittier city
2021,0,California,Whittier city
2021,0,California,Whittier city
2021,0,California,Whittier city
2021,0,California,Whittier city
2021,0,Colorado,Arvada city
2021,0,Colorado,Arvada city
2021,0,Colorado,Arvada city
2021,0,Colorado,Arvada city
2021,0,Colorado,Arvada city
2021,0,Colorado,Aurora city
2021,0,Colorado,Aurora city
2021,0,Colorado,Aurora city
2021,0,Colorado,Aurora city
2021,0,Colorado,Aurora city
2021,0.41573967,Colorado,Boulder city
2021,0.065626901,Colorado,Boulder city
2021,0.360276853,Colorado,Boulder city
2021,0.362652294,Colorado,Boulder city
2021,0.433691246,Colorado,Boulder city
2021,0,Colorado,Centennial city
2021,0,Colorado,Centennial city
2021,0,Colorado,Centennial city
2021,0,Colorado,Centennial city
2021,0,Colorado,Centennial city
2021,0,Colorado,Colorado Springs city
2021,0,Colorado,Colorado Springs city
2021,0,Colorado,Colorado Springs city
2021,0,Colorado,Colorado Springs city
2021,0,Colorado,Colorado Springs city
2021,0.010915406,Colorado,Denver city
2021,0.029002561,Colorado,Denver city
2021,0.013896626,Colorado,Denver city
2021,0.005276827,Colorado,Denver city
2021,0.001852861,Colorado,Denver city
2021,0.235352379,Colorado,Fort Collins city
2021,0.195990592,Colorado,Fort Collins city
2021,0.244614108,Colorado,Fort Collins city
2021,0.297785496,Colorado,Fort Collins city
2021,0.225582538,Colorado,Fort Collins city
2021,0.019606743,Colorado,Greeley city
2021,0.003969955,Colorado,Greeley city
2021,0.038122242,Colorado,Greeley city
2021,0.001850725,Colorado,Greeley city
2021,6.33E-04,Colorado,Greeley city
2021,0,Colorado,Lakewood city
2021,0,Colorado,Lakewood city
2021,0,Colorado,Lakewood city
2021,0,Colorado,Lakewood city
2021,0,Colorado,Lakewood city
2021,0,Colorado,Longmont city
2021,0,Colorado,Longmont city
2021,0,Colorado,Longmont city
2021,0,Colorado,Longmont city
2021,0,Colorado,Longmont city
2021,0,Colorado,Loveland city
2021,0,Colorado,Loveland city
2021,0,Colorado,Loveland city
2021,0,Colorado,Loveland city
2021,0,Colorado,Loveland city
2021,0.148303153,Colorado,Pueblo city
2021,0.332230382,Colorado,Pueblo city
2021,0.147215614,Colorado,Pueblo city
2021,0.088858563,Colorado,Pueblo city
2021,0.148107398,Colorado,Pueblo city
2021,0,Colorado,Thornton city
2021,0,Colorado,Thornton city
2021,0,Colorado,Thornton city
2021,0,Colorado,Thornton city
2021,0,Colorado,Thornton city
2021,0,Colorado,Westminster city
2021,0,Colorado,Westminster city
2021,0,Colorado,Westminster city
2021,0,Colorado,Westminster city
2021,0,Colorado,Westminster city
2021,0.11918873,Connecticut,Bridgeport city
2021,0.090122895,Connecticut,Bridgeport city
2021,0.153799454,Connecticut,Bridgeport city
2021,0.098877218,Connecticut,Bridgeport city
2021,0.045968156,Connecticut,Bridgeport city
2021,0,Connecticut,Danbury city
2021,0,Connecticut,Danbury city
2021,0,Connecticut,Danbury city
2021,0,Connecticut,Danbury city
2021,0,Connecticut,Danbury city
2021,0.365376357,Connecticut,Hartford city
2021,0.424839775,Connecticut,Hartford city
2021,0.35224364,Connecticut,Hartford city
2021,0.283731052,Connecticut,Hartford city
2021,0.292988641,Connecticut,Hartford city
2021,0.020930006,Connecticut,New Haven city
2021,0.004697241,Connecticut,New Haven city
2021,0.046366145,Connecticut,New Haven city
2021,0.028199344,Connecticut,New Haven city
2021,0.014169105,Connecticut,New Haven city
2021,0,Connecticut,Norwalk city
2021,0,Connecticut,Norwalk city
2021,0,Connecticut,Norwalk city
2021,0,Connecticut,Norwalk city
2021,0,Connecticut,Norwalk city
2021,0,Connecticut,Stamford city
2021,0,Connecticut,Stamford city
2021,0,Connecticut,Stamford city
2021,0,Connecticut,Stamford city
2021,0,Connecticut,Stamford city
2021,0.175485627,Connecticut,Waterbury city
2021,0.242086002,Connecticut,Waterbury city
2021,0.191328625,Connecticut,Waterbury city
2021,0.243201903,Connecticut,Waterbury city
2021,0.092016437,Connecticut,Waterbury city
2021,0.142022302,District of Columbia,Washington city
2021,0.1760631,District of Columbia,Washington city
2021,0.024602707,District of Columbia,Washington city
2021,0.093140154,District of Columbia,Washington city
2021,0.013877551,District of Columbia,Washington city
2021,0,Florida,Boca Raton city
2021,0,Florida,Boca Raton city
2021,0,Florida,Boca Raton city
2021,0,Florida,Boca Raton city
2021,0,Florida,Boca Raton city
2021,0,Florida,Boynton Beach city
2021,0,Florida,Boynton Beach city
2021,0,Florida,Boynton Beach city
2021,0,Florida,Boynton Beach city
2021,0,Florida,Boynton Beach city
2021,0,Florida,Cape Coral city
2021,0,Florida,Cape Coral city
2021,0,Florida,Cape Coral city
2021,0,Florida,Cape Coral city
2021,0,Florida,Cape Coral city
2021,0,Florida,Clearwater city
2021,0,Florida,Clearwater city
2021,0,Florida,Clearwater city
2021,0,Florida,Clearwater city
2021,0,Florida,Clearwater city
2021,0,Florida,Coral Springs city
2021,0,Florida,Coral Springs city
2021,0,Florida,Coral Springs city
2021,0,Florida,Coral Springs city
2021,0,Florida,Coral Springs city
2021,0,Florida,Davie town
2021,0,Florida,Davie town
2021,0,Florida,Davie town
2021,0,Florida,Davie town
2021,0,Florida,Davie town
2021,0,Florida,Deerfield Beach city
2021,0,Florida,Deerfield Beach city
2021,0,Florida,Deerfield Beach city
2021,0,Florida,Deerfield Beach city
2021,0,Florida,Deerfield Beach city
2021,0,Florida,Deltona city
2021,0,Florida,Deltona city
2021,0,Florida,Deltona city
2021,0,Florida,Deltona city
2021,0,Florida,Deltona city
2021,0,Florida,Doral city
2021,0,Florida,Doral city
2021,0,Florida,Doral city
2021,0,Florida,Doral city
2021,0,Florida,Doral city
2021,0.032715619,Florida,Fort Lauderdale city
2021,0.045590439,Florida,Fort Lauderdale city
2021,0.03579379,Florida,Fort Lauderdale city
2021,0,Florida,Fort Lauderdale city
2021,0.004526915,Florida,Fort Lauderdale city
2021,0.152587759,Florida,Fort Myers city
2021,0.316780768,Florida,Fort Myers city
2021,0.109948759,Florida,Fort Myers city
2021,0.078310303,Florida,Fort Myers city
2021,0.017577581,Florida,Fort Myers city
2021,0.501510092,Florida,Gainesville city
2021,0.212566171,Florida,Gainesville city
2021,0.580835858,Florida,Gainesville city
2021,0.588908932,Florida,Gainesville city
2021,0.568723789,Florida,Gainesville city
2021,0.012764596,Florida,Hialeah city
2021,0,Florida,Hialeah city
2021,0.012916946,Florida,Hialeah city
2021,3.41E-04,Florida,Hialeah city
2021,0.013067688,Florida,Hialeah city
2021,0,Florida,Hollywood city
2021,0,Florida,Hollywood city
2021,0,Florida,Hollywood city
2021,0,Florida,Hollywood city
2021,0,Florida,Hollywood city
2021,0.501012851,Florida,Homestead city
2021,0.560870255,Florida,Homestead city
2021,0.489792216,Florida,Homestead city
2021,0.615774041,Florida,Homestead city
2021,0.170637545,Florida,Homestead city
2021,0.094343449,Florida,Jacksonville city
2021,0.162553144,Florida,Jacksonville city
2021,0.031847694,Florida,Jacksonville city
2021,0.035614148,Florida,Jacksonville city
2021,0.038113379,Florida,Jacksonville city
2021,0,Florida,Kissimmee city
2021,0,Florida,Kissimmee city
2021,0,Florida,Kissimmee city
2021,0,Florida,Kissimmee city
2021,0,Florida,Kissimmee city
2021,0.1108023,Florida,Lakeland city
2021,0.211571725,Florida,Lakeland city
2021,0.03135869,Florida,Lakeland city
2021,0.011315616,Florida,Lakeland city
2021,0.081689321,Florida,Lakeland city
2021,0.006097661,Florida,Largo city
2021,0.006003032,Florida,Largo city
2021,0.023754241,Florida,Largo city
2021,0.006537416,Florida,Largo city
2021,0.00243613,Florida,Largo city
2021,0,Florida,Melbourne city
2021,0,Florida,Melbourne city
2021,0,Florida,Melbourne city
2021,0,Florida,Melbourne city
2021,0,Florida,Melbourne city
2021,0.178088622,Florida,Miami city
2021,0.383605657,Florida,Miami city
2021,0.118020736,Florida,Miami city
2021,0.128950902,Florida,Miami city
2021,0.079470914,Florida,Miami city
2021,0,Florida,Miami Beach city
2021,0,Florida,Miami Beach city
2021,0,Florida,Miami Beach city
2021,0,Florida,Miami Beach city
2021,0,Florida,Miami Beach city
2021,0,Florida,Miami Gardens city
2021,0,Florida,Miami Gardens city
2021,0,Florida,Miami Gardens city
2021,0,Florida,Miami Gardens city
2021,0,Florida,Miami Gardens city
2021,0,Florida,Miramar city
2021,0,Florida,Miramar city
2021,0,Florida,Miramar city
2021,0,Florida,Miramar city
2021,0,Florida,Miramar city
2021,0,Florida,North Port city
2021,0,Florida,North Port city
2021,0,Florida,North Port city
2021,0,Florida,North Port city
2021,0,Florida,North Port city
2021,0.01196065,Florida,Orlando city
2021,0.03827649,Florida,Orlando city
2021,0,Florida,Orlando city
2021,0,Florida,Orlando city
2021,0,Florida,Orlando city
2021,0.090991663,Florida,Palm Bay city
2021,0.280803184,Florida,Palm Bay city
2021,0.039349868,Florida,Palm Bay city
2021,0.01439603,Florida,Palm Bay city
2021,0.042273294,Florida,Palm Bay city
2021,0,Florida,Palm Coast city
2021,0,Florida,Palm Coast city
2021,0,Florida,Palm Coast city
2021,0,Florida,Palm Coast city
2021,0,Florida,Palm Coast city
2021,0.168940546,Florida,Pembroke Pines city
2021,0.127453353,Florida,Pembroke Pines city
2021,0.227724883,Florida,Pembroke Pines city
2021,0.159700166,Florida,Pembroke Pines city
2021,0.122158182,Florida,Pembroke Pines city
2021,0,Florida,Plantation city
2021,0,Florida,Plantation city
2021,0,Florida,Plantation city
2021,0,Florida,Plantation city
2021,0,Florida,Plantation city
2021,0.140166164,Florida,Pompano Beach city
2021,0.294161732,Florida,Pompano Beach city
2021,0.011902631,Florida,Pompano Beach city
2021,0.05841756,Florida,Pompano Beach city
2021,0.007431853,Florida,Pompano Beach city
2021,0,Florida,Port St. Lucie city
2021,0,Florida,Port St. Lucie city
2021,0,Florida,Port St. Lucie city
2021,0,Florida,Port St. Lucie city
2021,0,Florida,Port St. Lucie city
2021,0.120220853,Florida,St. Petersburg city
2021,0.265894173,Florida,St. Petersburg city
2021,0.029876028,Florida,St. Petersburg city
2021,0.064402872,Florida,St. Petersburg city
2021,0.022802508,Florida,St. Petersburg city
2021,0,Florida,Sunrise city
2021,0,Florida,Sunrise city
2021,0,Florida,Sunrise city
2021,0,Florida,Sunrise city
2021,0,Florida,Sunrise city
2021,0.579029953,Florida,Tallahassee city
2021,0.538151079,Florida,Tallahassee city
2021,0.660043729,Florida,Tallahassee city
2021,0.625061297,Florida,Tallahassee city
2021,0.60726721,Florida,Tallahassee city
2021,0.17996427,Florida,Tampa city
2021,0.256242222,Florida,Tampa city
2021,0.19433954,Florida,Tampa city
2021,0.191750138,Florida,Tampa city
2021,0.090258776,Florida,Tampa city
2021,0.064513306,Florida,West Palm Beach city
2021,0.100545884,Florida,West Palm Beach city
2021,0.042379655,Florida,West Palm Beach city
2021,0.085727126,Florida,West Palm Beach city
2021,0.030670095,Florida,West Palm Beach city
2021,0.484789982,Georgia,Athens-Clarke County unified government (balance)
2021,0.44612048,Georgia,Athens-Clarke County unified government (balance)
2021,0.287637051,Georgia,Athens-Clarke County unified government (balance)
2021,0.360373173,Georgia,Athens-Clarke County unified government (balance)
2021,0.569834546,Georgia,Athens-Clarke County unified government (balance)
2021,0.263623772,Georgia,Atlanta city
2021,0.291428107,Georgia,Atlanta city
2021,0.279564622,Georgia,Atlanta city
2021,0.274408149,Georgia,Atlanta city
2021,0.136657149,Georgia,Atlanta city
2021,0.235684711,Georgia,Augusta-Richmond County consolidated government (balance)
2021,0.262536497,Georgia,Augusta-Richmond County consolidated government (balance)
2021,0.228465302,Georgia,Augusta-Richmond County consolidated government (balance)
2021,0.198026597,Georgia,Augusta-Richmond County consolidated government (balance)
2021,0.139400362,Georgia,Augusta-Richmond County consolidated government (balance)
2021,0.237781226,Georgia,Columbus city
2021,0.295834043,Georgia,Columbus city
2021,0.219558965,Georgia,Columbus city
2021,0.221559438,Georgia,Columbus city
2021,0.101272265,Georgia,Columbus city
2021,0,Georgia,Johns Creek city
2021,0,Georgia,Johns Creek city
2021,0,Georgia,Johns Creek city
2021,0,Georgia,Johns Creek city
2021,0,Georgia,Johns Creek city
2021,0.485567418,Georgia,Macon-Bibb County
2021,0.573881704,Georgia,Macon-Bibb County
2021,0.302281369,Georgia,Macon-Bibb County
2021,0.309245484,Georgia,Macon-Bibb County
2021,0.195961809,Georgia,Macon-Bibb County
2021,0,Georgia,Roswell city
2021,0,Georgia,Roswell city
2021,0,Georgia,Roswell city
2021,0,Georgia,Roswell city
2021,0,Georgia,Roswell city
2021,0,Georgia,Sandy Springs city
2021,0,Georgia,Sandy Springs city
2021,0,Georgia,Sandy Springs city
2021,0,Georgia,Sandy Springs city
2021,0,Georgia,Sandy Springs city
2021,0.121891547,Georgia,Savannah city
2021,0.162983891,Georgia,Savannah city
2021,0.041037419,Georgia,Savannah city
2021,0.096166279,Georgia,Savannah city
2021,0.045701242,Georgia,Savannah city
2021,0,Georgia,South Fulton city
2021,0,Georgia,South Fulton city
2021,0,Georgia,South Fulton city
2021,0,Georgia,South Fulton city
2021,0,Georgia,South Fulton city
2021,0.102063239,Georgia,Warner Robins city
2021,0.167117303,Georgia,Warner Robins city
2021,0.037910427,Georgia,Warner Robins city
2021,0,Georgia,Warner Robins city
2021,0.078084112,Georgia,Warner Robins city
2021,0.055343842,Hawaii,Urban Honolulu CDP
2021,0,Hawaii,Urban Honolulu CDP
2021,0.0017222,Hawaii,Urban Honolulu CDP
2021,0.068907539,Hawaii,Urban Honolulu CDP
2021,0,Hawaii,Urban Honolulu CDP
2021,0.141466204,Idaho,Boise City city
2021,0.090505867,Idaho,Boise City city
2021,0.141676215,Idaho,Boise City city
2021,0.120647975,Idaho,Boise City city
2021,0.143194032,Idaho,Boise City city
2021,0,Idaho,Meridian city
2021,0,Idaho,Meridian city
2021,0,Idaho,Meridian city
2021,0,Idaho,Meridian city
2021,0,Idaho,Meridian city
2021,0,Idaho,Nampa city
2021,0,Idaho,Nampa city
2021,0,Idaho,Nampa city
2021,0,Idaho,Nampa city
2021,0,Idaho,Nampa city
2021,0,Illinois,Arlington Heights village
2021,0,Illinois,Arlington Heights village
2021,0,Illinois,Arlington Heights village
2021,0,Illinois,Arlington Heights village
2021,0,Illinois,Arlington Heights village
2021,0,Illinois,Aurora city
2021,0,Illinois,Aurora city
2021,0,Illinois,Aurora city
2021,0,Illinois,Aurora city
2021,0,Illinois,Aurora city
2021,0.05424543,Illinois,Bloomington city
2021,0.005278686,Illinois,Bloomington city
2021,0,Illinois,Bloomington city
2021,0.0268248,Illinois,Bloomington city
2021,0.083723967,Illinois,Bloomington city
2021,0.508528192,Illinois,Champaign city
2021,0.134776349,Illinois,Champaign city
2021,0.373275291,Illinois,Champaign city
2021,0.707396109,Illinois,Champaign city
2021,0.560582455,Illinois,Champaign city
2021,0.16023684,Illinois,Chicago city
2021,0.272206211,Illinois,Chicago city
2021,0.077889056,Illinois,Chicago city
2021,0.069542984,Illinois,Chicago city
2021,0.036736195,Illinois,Chicago city
2021,0,Illinois,Cicero town
2021,0,Illinois,Cicero town
2021,0,Illinois,Cicero town
2021,0,Illinois,Cicero town
2021,0,Illinois,Cicero town
2021,0,Illinois,Elgin city
2021,0,Illinois,Elgin city
2021,0,Illinois,Elgin city
2021,0,Illinois,Elgin city
2021,0,Illinois,Elgin city
2021,0.221763248,Illinois,Evanston city
2021,0.149493746,Illinois,Evanston city
2021,0.200575816,Illinois,Evanston city
2021,0.273508595,Illinois,Evanston city
2021,0.24369142,Illinois,Evanston city
2021,0.089424663,Illinois,Joliet city
2021,0.195238515,Illinois,Joliet city
2021,0.047055277,Illinois,Joliet city
2021,0.085669522,Illinois,Joliet city
2021,0.03155309,Illinois,Joliet city
2021,0,Illinois,Naperville city
2021,0,Illinois,Naperville city
2021,0,Illinois,Naperville city
2021,0,Illinois,Naperville city
2021,0,Illinois,Naperville city
2021,0.294031191,Illinois,Peoria city
2021,0.374872703,Illinois,Peoria city
2021,0.44986288,Illinois,Peoria city
2021,0.308161523,Illinois,Peoria city
2021,0.186261665,Illinois,Peoria city
2021,0.266844899,Illinois,Rockford city
2021,0.447009124,Illinois,Rockford city
2021,0.210799515,Illinois,Rockford city
2021,0.226729192,Illinois,Rockford city
2021,0.125434466,Illinois,Rockford city
2021,0,Illinois,Schaumburg village
2021,0,Illinois,Schaumburg village
2021,0,Illinois,Schaumburg village
2021,0,Illinois,Schaumburg village
2021,0,Illinois,Schaumburg village
2021,0.103485545,Illinois,Springfield city
2021,0.141517802,Illinois,Springfield city
2021,0,Illinois,Springfield city
2021,0.089653235,Illinois,Springfield city
2021,0.072139899,Illinois,Springfield city
2021,0.087401842,Illinois,Waukegan city
2021,0.253494227,Illinois,Waukegan city
2021,0.024407848,Illinois,Waukegan city
2021,0.049505406,Illinois,Waukegan city
2021,0.043623631,Illinois,Waukegan city
2021,0.440930143,Indiana,Bloomington city
2021,0.272854378,Indiana,Bloomington city
2021,0.273833918,Indiana,Bloomington city
2021,0.281065414,Indiana,Bloomington city
2021,0.499103558,Indiana,Bloomington city
2021,0,Indiana,Carmel city
2021,0,Indiana,Carmel city
2021,0,Indiana,Carmel city
2021,0,Indiana,Carmel city
2021,0,Indiana,Carmel city
2021,1.80E-04,Indiana,Evansville city
2021,0,Indiana,Evansville city
2021,0,Indiana,Evansville city
2021,0,Indiana,Evansville city
2021,2.78E-04,Indiana,Evansville city
2021,0,Indiana,Fishers city
2021,0,Indiana,Fishers city
2021,0,Indiana,Fishers city
2021,0,Indiana,Fishers city
2021,0,Indiana,Fishers city
2021,0.092764033,Indiana,Fort Wayne city
2021,0.177541456,Indiana,Fort Wayne city
2021,0.126578057,Indiana,Fort Wayne city
2021,0.106161897,Indiana,Fort Wayne city
2021,0.014297757,Indiana,Fort Wayne city
2021,0.217933075,Indiana,Hammond city
2021,0.176127435,Indiana,Hammond city
2021,0.269119844,Indiana,Hammond city
2021,0.265952177,Indiana,Hammond city
2021,0.208138456,Indiana,Hammond city
2021,0.093100819,Indiana,Indianapolis city (balance)
2021,0.133503773,Indiana,Indianapolis city (balance)
2021,0.089823438,Indiana,Indianapolis city (balance)
2021,0.059707329,Indiana,Indianapolis city (balance)
2021,0.05254034,Indiana,Indianapolis city (balance)
2021,0.224479578,Indiana,South Bend city
2021,0.292292264,Indiana,South Bend city
2021,0.195491388,Indiana,South Bend city
2021,0.178488303,Indiana,South Bend city
2021,0.175353685,Indiana,South Bend city
2021,0.044771266,Iowa,Cedar Rapids city
2021,0.063095833,Iowa,Cedar Rapids city
2021,0.096764631,Iowa,Cedar Rapids city
2021,0.086808837,Iowa,Cedar Rapids city
2021,0.026279575,Iowa,Cedar Rapids city
2021,0.088837784,Iowa,Davenport city
2021,0.054616714,Iowa,Davenport city
2021,0.098245797,Iowa,Davenport city
2021,0.059192302,Iowa,Davenport city
2021,0.114552385,Iowa,Davenport city
2021,0.094345021,Iowa,Des Moines city
2021,0.139571247,Iowa,Des Moines city
2021,0.141900808,Iowa,Des Moines city
2021,0.164417004,Iowa,Des Moines city
2021,0.04888235,Iowa,Des Moines city
2021,0.071833477,Iowa,Sioux City city
2021,0.119501904,Iowa,Sioux City city
2021,0.130113986,Iowa,Sioux City city
2021,0.148950752,Iowa,Sioux City city
2021,0.030374483,Iowa,Sioux City city
2021,0.069383493,Kansas,Kansas City city
2021,0.182697913,Kansas,Kansas City city
2021,0.00988487,Kansas,Kansas City city
2021,0.033484056,Kansas,Kansas City city
2021,0.005672677,Kansas,Kansas City city
2021,0.190420721,Kansas,Lawrence city
2021,0.130956767,Kansas,Lawrence city
2021,0.089683142,Kansas,Lawrence city
2021,0.088958552,Kansas,Lawrence city
2021,0.236331658,Kansas,Lawrence city
2021,0,Kansas,Olathe city
2021,0,Kansas,Olathe city
2021,0,Kansas,Olathe city
2021,0,Kansas,Olathe city
2021,0,Kansas,Olathe city
2021,0,Kansas,Overland Park city
2021,0,Kansas,Overland Park city
2021,0,Kansas,Overland Park city
2021,0,Kansas,Overland Park city
2021,0,Kansas,Overland Park city
2021,0,Kansas,Topeka city
2021,0,Kansas,Topeka city
2021,0,Kansas,Topeka city
2021,0,Kansas,Topeka city
2021,0,Kansas,Topeka city
2021,0.11441622,Kansas,Wichita city
2021,0.198348175,Kansas,Wichita city
2021,0.136455119,Kansas,Wichita city
2021,0.109578876,Kansas,Wichita city
2021,0.07110327,Kansas,Wichita city
2021,0.200470093,Kentucky,Lexington-Fayette urban county
2021,0.148054613,Kentucky,Lexington-Fayette urban county
2021,0.05176789,Kentucky,Lexington-Fayette urban county
2021,0.136357955,Kentucky,Lexington-Fayette urban county
2021,0.253033603,Kentucky,Lexington-Fayette urban county
2021,0.070296532,Kentucky,Louisville/Jefferson County metro government (balance)
2021,0.183296849,Kentucky,Louisville/Jefferson County metro government (balance)
2021,0.057401473,Kentucky,Louisville/Jefferson County metro government (balance)
2021,0.031441481,Kentucky,Louisville/Jefferson County metro government (balance)
2021,0.016328712,Kentucky,Louisville/Jefferson County metro government (balance)
2021,0.286868381,Louisiana,Baton Rouge city
2021,0.240392733,Louisiana,Baton Rouge city
2021,0.219690275,Louisiana,Baton Rouge city
2021,0.388116441,Louisiana,Baton Rouge city
2021,0.365558948,Louisiana,Baton Rouge city
2021,0.107881541,Louisiana,Lafayette city
2021,0.195697995,Louisiana,Lafayette city
2021,0.001001286,Louisiana,Lafayette city
2021,0.00117926,Louisiana,Lafayette city
2021,1.18E-04,Louisiana,Lafayette city
2021,0.186329312,Louisiana,Lake Charles city
2021,0.233657232,Louisiana,Lake Charles city
2021,0.084652374,Louisiana,Lake Charles city
2021,0.155388064,Louisiana,Lake Charles city
2021,0.097880323,Louisiana,Lake Charles city
2021,0.291671835,Louisiana,New Orleans city
2021,0.349809998,Louisiana,New Orleans city
2021,0.211561817,Louisiana,New Orleans city
2021,0.111062527,Louisiana,New Orleans city
2021,0.084582354,Louisiana,New Orleans city
2021,0.409953638,Louisiana,Shreveport city
2021,0.468759087,Louisiana,Shreveport city
2021,0.388021791,Louisiana,Shreveport city
2021,0.183110031,Louisiana,Shreveport city
2021,0.197081088,Louisiana,Shreveport city
2021,0.225351626,Maryland,Baltimore city
2021,0.261263456,Maryland,Baltimore city
2021,0.149548069,Maryland,Baltimore city
2021,0.148938374,Maryland,Baltimore city
2021,0.089856363,Maryland,Baltimore city
2021,0,Maryland,Frederick city
2021,0,Maryland,Frederick city
2021,0,Maryland,Frederick city
2021,0,Maryland,Frederick city
2021,0,Maryland,Frederick city
2021,0.137924808,Massachusetts,Boston city
2021,0.098909945,Massachusetts,Boston city
2021,0.150813607,Massachusetts,Boston city
2021,0.168579794,Massachusetts,Boston city
2021,0.124022426,Massachusetts,Boston city
2021,0,Massachusetts,Brockton city
2021,0,Massachusetts,Brockton city
2021,0,Massachusetts,Brockton city
2021,0,Massachusetts,Brockton city
2021,0,Massachusetts,Brockton city
2021,0,Massachusetts,Cambridge city
2021,0,Massachusetts,Cambridge city
2021,0,Massachusetts,Cambridge city
2021,0,Massachusetts,Cambridge city
2021,0,Massachusetts,Cambridge city
2021,0,Massachusetts,Fall River city
2021,0,Massachusetts,Fall River city
2021,0,Massachusetts,Fall River city
2021,0,Massachusetts,Fall River city
2021,0,Massachusetts,Fall River city
2021,0,Massachusetts,Lawrence city
2021,0,Massachusetts,Lawrence city
2021,0,Massachusetts,Lawrence city
2021,0,Massachusetts,Lawrence city
2021,0,Massachusetts,Lawrence city
2021,0,Massachusetts,Lowell city
2021,0,Massachusetts,Lowell city
2021,0,Massachusetts,Lowell city
2021,0,Massachusetts,Lowell city
2021,0,Massachusetts,Lowell city
2021,0,Massachusetts,Lynn city
2021,0,Massachusetts,Lynn city
2021,0,Massachusetts,Lynn city
2021,0,Massachusetts,Lynn city
2021,0,Massachusetts,Lynn city
2021,0.111682547,Massachusetts,New Bedford city
2021,0.019081272,Massachusetts,New Bedford city
2021,0.144499861,Massachusetts,New Bedford city
2021,0.13195141,Massachusetts,New Bedford city
2021,0.091611479,Massachusetts,New Bedford city
2021,0,Massachusetts,Newton city
2021,0,Massachusetts,Newton city
2021,0,Massachusetts,Newton city
2021,0,Massachusetts,Newton city
2021,0,Massachusetts,Newton city
2021,0,Massachusetts,Quincy city
2021,0,Massachusetts,Quincy city
2021,0,Massachusetts,Quincy city
2021,0,Massachusetts,Quincy city
2021,0,Massachusetts,Quincy city
2021,0,Massachusetts,Somerville city
2021,0,Massachusetts,Somerville city
2021,0,Massachusetts,Somerville city
2021,0,Massachusetts,Somerville city
2021,0,Massachusetts,Somerville city
2021,0.332877579,Massachusetts,Springfield city
2021,0.259903739,Massachusetts,Springfield city
2021,0.409687488,Massachusetts,Springfield city
2021,0.409137056,Massachusetts,Springfield city
2021,0.078262533,Massachusetts,Springfield city
2021,0.169355499,Massachusetts,Worcester city
2021,0.158242316,Massachusetts,Worcester city
2021,0.204893449,Massachusetts,Worcester city
2021,0.230244399,Massachusetts,Worcester city
2021,0.137837512,Massachusetts,Worcester city
2021,0.530077125,Michigan,Ann Arbor city
2021,0.272857198,Michigan,Ann Arbor city
2021,0.471343402,Michigan,Ann Arbor city
2021,0.504182652,Michigan,Ann Arbor city
2021,0.567907639,Michigan,Ann Arbor city
2021,0.227117242,Michigan,Dearborn city
2021,0.375411636,Michigan,Dearborn city
2021,0.036734694,Michigan,Dearborn city
2021,0.335106383,Michigan,Dearborn city
2021,0.21423129,Michigan,Dearborn city
2021,0.406982973,Michigan,Detroit city
2021,0.39922762,Michigan,Detroit city
2021,0.369485068,Michigan,Detroit city
2021,0.378672485,Michigan,Detroit city
2021,0.523530777,Michigan,Detroit city
2021,0,Michigan,Farmington Hills city
2021,0,Michigan,Farmington Hills city
2021,0,Michigan,Farmington Hills city
2021,0,Michigan,Farmington Hills city
2021,0,Michigan,Farmington Hills city
2021,0.392443199,Michigan,Flint city
2021,0.421616931,Michigan,Flint city
2021,0.465631021,Michigan,Flint city
2021,0.562810096,Michigan,Flint city
2021,0.285535748,Michigan,Flint city
2021,0.085414825,Michigan,Grand Rapids city
2021,0.118822121,Michigan,Grand Rapids city
2021,0.08738407,Michigan,Grand Rapids city
2021,0.091912318,Michigan,Grand Rapids city
2021,0.062203665,Michigan,Grand Rapids city
2021,0.049694844,Michigan,Lansing city
2021,0.09610657,Michigan,Lansing city
2021,0.051799119,Michigan,Lansing city
2021,0.034125299,Michigan,Lansing city
2021,0.026132497,Michigan,Lansing city
2021,0.012907609,Michigan,Livonia city
2021,0.05952381,Michigan,Livonia city
2021,0,Michigan,Livonia city
2021,0.015850144,Michigan,Livonia city
2021,0.003546099,Michigan,Livonia city
2021,0,Michigan,Rochester Hills city
2021,0,Michigan,Rochester Hills city
2021,NA,Michigan,Rochester Hills city
2021,0,Michigan,Rochester Hills city
2021,0,Michigan,Rochester Hills city
2021,0,Michigan,Southfield city
2021,0,Michigan,Southfield city
2021,0,Michigan,Southfield city
2021,0,Michigan,Southfield city
2021,0,Michigan,Southfield city
2021,0.001761912,Michigan,Sterling Heights city
2021,0,Michigan,Sterling Heights city
2021,0,Michigan,Sterling Heights city
2021,0.020480855,Michigan,Sterling Heights city
2021,0,Michigan,Sterling Heights city
2021,0,Michigan,Troy city
2021,0,Michigan,Troy city
2021,0,Michigan,Troy city
2021,0,Michigan,Troy city
2021,0,Michigan,Troy city
2021,0.004120684,Michigan,Warren city
2021,0.004281555,Michigan,Warren city
2021,0,Michigan,Warren city
2021,0.002326258,Michigan,Warren city
2021,0.004650362,Michigan,Warren city
2021,0,Michigan,Westland city
2021,0,Michigan,Westland city
2021,0,Michigan,Westland city
2021,0,Michigan,Westland city
2021,0,Michigan,Westland city
2021,0,Michigan,Wyoming city
2021,0,Michigan,Wyoming city
2021,0,Michigan,Wyoming city
2021,0,Michigan,Wyoming city
2021,0,Michigan,Wyoming city
2021,0,Minnesota,Bloomington city
2021,0,Minnesota,Bloomington city
2021,0,Minnesota,Bloomington city
2021,0,Minnesota,Bloomington city
2021,0,Minnesota,Bloomington city
2021,0,Minnesota,Brooklyn Park city
2021,0,Minnesota,Brooklyn Park city
2021,0,Minnesota,Brooklyn Park city
2021,0,Minnesota,Brooklyn Park city
2021,0,Minnesota,Brooklyn Park city
2021,0.254790979,Minnesota,Duluth city
2021,0.491819103,Minnesota,Duluth city
2021,0.041096116,Minnesota,Duluth city
2021,0.266654687,Minnesota,Duluth city
2021,0.233194425,Minnesota,Duluth city
2021,0.23719013,Minnesota,Minneapolis city
2021,0.223140805,Minnesota,Minneapolis city
2021,0.15813253,Minnesota,Minneapolis city
2021,0.218282867,Minnesota,Minneapolis city
2021,0.269257758,Minnesota,Minneapolis city
2021,0,Minnesota,Plymouth city
2021,0,Minnesota,Plymouth city
2021,0,Minnesota,Plymouth city
2021,0,Minnesota,Plymouth city
2021,0,Minnesota,Plymouth city
2021,0.076576572,Minnesota,Rochester city
2021,0.058191591,Minnesota,Rochester city
2021,0.145088377,Minnesota,Rochester city
2021,0.117282952,Minnesota,Rochester city
2021,0.064860252,Minnesota,Rochester city
2021,0.059844033,Minnesota,St. Paul city
2021,0.027632461,Minnesota,St. Paul city
2021,0.053045583,Minnesota,St. Paul city
2021,0.111653419,Minnesota,St. Paul city
2021,0.00955573,Minnesota,St. Paul city
2021,0,Minnesota,Woodbury city
2021,0,Minnesota,Woodbury city
2021,0,Minnesota,Woodbury city
2021,0,Minnesota,Woodbury city
2021,0,Minnesota,Woodbury city
2021,0.220297674,Mississippi,Jackson city
2021,0.237212781,Mississippi,Jackson city
2021,0,Mississippi,Jackson city
2021,0.045082219,Mississippi,Jackson city
2021,0.067001013,Mississippi,Jackson city
2021,0.307817384,Missouri,Columbia city
2021,0.1294508,Missouri,Columbia city
2021,0.161955364,Missouri,Columbia city
2021,0.233702738,Missouri,Columbia city
2021,0.395422878,Missouri,Columbia city
2021,0.088148002,Missouri,Independence city
2021,0.210153305,Missouri,Independence city
2021,0.024486448,Missouri,Independence city
2021,0.077397586,Missouri,Independence city
2021,0.053547761,Missouri,Independence city
2021,0.116788754,Missouri,Kansas City city
2021,0.159718255,Missouri,Kansas City city
2021,0.160626774,Missouri,Kansas City city
2021,0.123949654,Missouri,Kansas City city
2021,0.056364835,Missouri,Kansas City city
2021,0,Missouri,Lee's Summit city
2021,0,Missouri,Lee's Summit city
2021,0,Missouri,Lee's Summit city
2021,0,Missouri,Lee's Summit city
2021,0,Missouri,Lee's Summit city
2021,0,Missouri,O'Fallon city
2021,0,Missouri,O'Fallon city
2021,0,Missouri,O'Fallon city
2021,0,Missouri,O'Fallon city
2021,0,Missouri,O'Fallon city
2021,0.104252709,Missouri,St. Louis city
2021,0.135096771,Missouri,St. Louis city
2021,0.005354752,Missouri,St. Louis city
2021,0.079976874,Missouri,St. Louis city
2021,0.044719251,Missouri,St. Louis city
2021,0.207020342,Missouri,Springfield city
2021,0.251267588,Missouri,Springfield city
2021,0.267886416,Missouri,Springfield city
2021,0.335758584,Missouri,Springfield city
2021,0.185145414,Missouri,Springfield city
2021,0,Montana,Billings city
2021,0,Montana,Billings city
2021,0,Montana,Billings city
2021,0,Montana,Billings city
2021,0,Montana,Billings city
2021,0.086545671,Nebraska,Lincoln city
2021,0.081378333,Nebraska,Lincoln city
2021,0.029083586,Nebraska,Lincoln city
2021,0.051866805,Nebraska,Lincoln city
2021,0.102015572,Nebraska,Lincoln city
2021,0.096092237,Nebraska,Omaha city
2021,0.182013013,Nebraska,Omaha city
2021,0.071431655,Nebraska,Omaha city
2021,0.081441606,Nebraska,Omaha city
2021,0.057240572,Nebraska,Omaha city
2021,0,Nevada,Henderson city
2021,0,Nevada,Henderson city
2021,0,Nevada,Henderson city
2021,0,Nevada,Henderson city
2021,0,Nevada,Henderson city
2021,0.038119299,Nevada,Las Vegas city
2021,0.060911879,Nevada,Las Vegas city
2021,0.030535054,Nevada,Las Vegas city
2021,0.040929669,Nevada,Las Vegas city
2021,0.029537282,Nevada,Las Vegas city
2021,0.060078975,Nevada,North Las Vegas city
2021,0.04912856,Nevada,North Las Vegas city
2021,0.059970156,Nevada,North Las Vegas city
2021,0.066755341,Nevada,North Las Vegas city
2021,0.061063496,Nevada,North Las Vegas city
2021,0.109776,Nevada,Reno city
2021,0.142801018,Nevada,Reno city
2021,0.153832172,Nevada,Reno city
2021,0.146094641,Nevada,Reno city
2021,0.089284984,Nevada,Reno city
2021,0,Nevada,Sparks city
2021,0,Nevada,Sparks city
2021,0,Nevada,Sparks city
2021,0,Nevada,Sparks city
2021,0,Nevada,Sparks city
2021,0,New Hampshire,Manchester city
2021,0,New Hampshire,Manchester city
2021,0,New Hampshire,Manchester city
2021,0,New Hampshire,Manchester city
2021,0,New Hampshire,Manchester city
2021,0,New Hampshire,Nashua city
2021,0,New Hampshire,Nashua city
2021,0,New Hampshire,Nashua city
2021,0,New Hampshire,Nashua city
2021,0,New Hampshire,Nashua city
2021,0,New Jersey,Clifton city
2021,0,New Jersey,Clifton city
2021,0,New Jersey,Clifton city
2021,0,New Jersey,Clifton city
2021,0,New Jersey,Clifton city
2021,0,New Jersey,Elizabeth city
2021,0,New Jersey,Elizabeth city
2021,0,New Jersey,Elizabeth city
2021,0,New Jersey,Elizabeth city
2021,0,New Jersey,Elizabeth city
2021,0,New Jersey,Jersey City city
2021,0,New Jersey,Jersey City city
2021,0,New Jersey,Jersey City city
2021,0,New Jersey,Jersey City city
2021,0,New Jersey,Jersey City city
2021,0.21033576,New Jersey,Newark city
2021,0.252618467,New Jersey,Newark city
2021,0.176466536,New Jersey,Newark city
2021,0.176929825,New Jersey,Newark city
2021,0.224170086,New Jersey,Newark city
2021,0.165540627,New Jersey,Paterson city
2021,0.16978385,New Jersey,Paterson city
2021,0.179985543,New Jersey,Paterson city
2021,0.165467626,New Jersey,Paterson city
2021,0.126867699,New Jersey,Paterson city
2021,0.27778696,New Jersey,Trenton city
2021,0.283926933,New Jersey,Trenton city
2021,0.255055807,New Jersey,Trenton city
2021,0.311685582,New Jersey,Trenton city
2021,0.242233582,New Jersey,Trenton city
2021,0.087563941,New Mexico,Albuquerque city
2021,0.148912642,New Mexico,Albuquerque city
2021,0.100165876,New Mexico,Albuquerque city
2021,0.096451265,New Mexico,Albuquerque city
2021,0.041199577,New Mexico,Albuquerque city
2021,0.07761642,New Mexico,Las Cruces city
2021,0.202571,New Mexico,Las Cruces city
2021,0.039397541,New Mexico,Las Cruces city
2021,0.156971069,New Mexico,Las Cruces city
2021,0.046273946,New Mexico,Las Cruces city
2021,0,New Mexico,Rio Rancho city
2021,0,New Mexico,Rio Rancho city
2021,0,New Mexico,Rio Rancho city
2021,0,New Mexico,Rio Rancho city
2021,0,New Mexico,Rio Rancho city
2021,0,New Mexico,Santa Fe city
2021,0,New Mexico,Santa Fe city
2021,0,New Mexico,Santa Fe city
2021,0,New Mexico,Santa Fe city
2021,0,New Mexico,Santa Fe city
2021,0.210173481,New York,Albany city
2021,0.224740321,New York,Albany city
2021,0.257685009,New York,Albany city
2021,0.257926307,New York,Albany city
2021,0.145914095,New York,Albany city
2021,0.270785298,New York,Buffalo city
2021,0.318942412,New York,Buffalo city
2021,0.37140973,New York,Buffalo city
2021,0.341007919,New York,Buffalo city
2021,0.130718042,New York,Buffalo city
2021,0,New York,New Rochelle city
2021,0,New York,New Rochelle city
2021,0,New York,New Rochelle city
2021,0,New York,New Rochelle city
2021,0,New York,New Rochelle city
2021,0.164008374,New York,New York city
2021,0.202856575,New York,New York city
2021,0.190928723,New York,New York city
2021,0.139099819,New York,New York city
2021,0.159880383,New York,New York city
2021,0.422712589,New York,Rochester city
2021,0.419107008,New York,Rochester city
2021,0.533645324,New York,Rochester city
2021,0.518945922,New York,Rochester city
2021,0.30682847,New York,Rochester city
2021,0.396807305,New York,Syracuse city
2021,0.452998097,New York,Syracuse city
2021,0.619810417,New York,Syracuse city
2021,0.459550495,New York,Syracuse city
2021,0.251412017,New York,Syracuse city
2021,0.075352473,New York,Yonkers city
2021,0.158751295,New York,Yonkers city
2021,0.059298802,New York,Yonkers city
2021,0.04888691,New York,Yonkers city
2021,0.055175275,New York,Yonkers city
2021,0,North Carolina,Asheville city
2021,0,North Carolina,Asheville city
2021,0,North Carolina,Asheville city
2021,0,North Carolina,Asheville city
2021,0,North Carolina,Asheville city
2021,0,North Carolina,Cary town
2021,0,North Carolina,Cary town
2021,0,North Carolina,Cary town
2021,0,North Carolina,Cary town
2021,0,North Carolina,Cary town
2021,0.063360889,North Carolina,Charlotte city
2021,0.079784924,North Carolina,Charlotte city
2021,0.025583449,North Carolina,Charlotte city
2021,0.054112288,North Carolina,Charlotte city
2021,0.059333579,North Carolina,Charlotte city
2021,0.142994144,North Carolina,Concord city
2021,0.065573874,North Carolina,Concord city
2021,0.297864385,North Carolina,Concord city
2021,0.353895604,North Carolina,Concord city
2021,0.054730651,North Carolina,Concord city
2021,0.11470626,North Carolina,Durham city
2021,0.10631712,North Carolina,Durham city
2021,0.145289049,North Carolina,Durham city
2021,0.173296834,North Carolina,Durham city
2021,0.040529481,North Carolina,Durham city
2021,0.098725592,North Carolina,Fayetteville city
2021,0.107410141,North Carolina,Fayetteville city
2021,0.047288112,North Carolina,Fayetteville city
2021,0.063456496,North Carolina,Fayetteville city
2021,0.116028349,North Carolina,Fayetteville city
2021,0,North Carolina,Gastonia city
2021,0,North Carolina,Gastonia city
2021,0,North Carolina,Gastonia city
2021,0,North Carolina,Gastonia city
2021,0,North Carolina,Gastonia city
2021,0.12784924,North Carolina,Greensboro city
2021,0.206059523,North Carolina,Greensboro city
2021,0.022744659,North Carolina,Greensboro city
2021,0.029110728,North Carolina,Greensboro city
2021,0.033709807,North Carolina,Greensboro city
2021,0.442124328,North Carolina,Greenville city
2021,0.441797804,North Carolina,Greenville city
2021,0.148259796,North Carolina,Greenville city
2021,0.33561615,North Carolina,Greenville city
2021,0.462113449,North Carolina,Greenville city
2021,0.113439458,North Carolina,High Point city
2021,0.180422569,North Carolina,High Point city
2021,0.113454752,North Carolina,High Point city
2021,0.08174676,North Carolina,High Point city
2021,0.0218961,North Carolina,High Point city
2021,0.092547663,North Carolina,Raleigh city
2021,0.053739296,North Carolina,Raleigh city
2021,0.066174848,North Carolina,Raleigh city
2021,0.10628042,North Carolina,Raleigh city
2021,0.109369195,North Carolina,Raleigh city
2021,0.181840548,North Carolina,Wilmington city
2021,0.273894737,North Carolina,Wilmington city
2021,0.06880075,North Carolina,Wilmington city
2021,0.103175061,North Carolina,Wilmington city
2021,0.132848798,North Carolina,Wilmington city
2021,0.269997124,North Carolina,Winston-Salem city
2021,0.371806168,North Carolina,Winston-Salem city
2021,0.298850056,North Carolina,Winston-Salem city
2021,0.258671593,North Carolina,Winston-Salem city
2021,0.060990325,North Carolina,Winston-Salem city
2021,0.118698117,North Dakota,Fargo city
2021,0.014965102,North Dakota,Fargo city
2021,0.075504521,North Dakota,Fargo city
2021,0.062154097,North Dakota,Fargo city
2021,0.166505735,North Dakota,Fargo city
2021,0.164746462,Ohio,Akron city
2021,0.172758953,Ohio,Akron city
2021,0.224131024,Ohio,Akron city
2021,0.167615322,Ohio,Akron city
2021,0.154749956,Ohio,Akron city
2021,0.436865721,Ohio,Cincinnati city
2021,0.450832048,Ohio,Cincinnati city
2021,0.56122228,Ohio,Cincinnati city
2021,0.492102455,Ohio,Cincinnati city
2021,0.3706464,Ohio,Cincinnati city
2021,0.414361636,Ohio,Cleveland city
2021,0.491411539,Ohio,Cleveland city
2021,0.343567038,Ohio,Cleveland city
2021,0.38192017,Ohio,Cleveland city
2021,0.258354845,Ohio,Cleveland city
2021,0.203309151,Ohio,Columbus city
2021,0.182703074,Ohio,Columbus city
2021,0.183386301,Ohio,Columbus city
2021,0.203717381,Ohio,Columbus city
2021,0.230126934,Ohio,Columbus city
2021,0.262295078,Ohio,Dayton city
2021,0.378125738,Ohio,Dayton city
2021,0.15707046,Ohio,Dayton city
2021,0.146967113,Ohio,Dayton city
2021,0.138802023,Ohio,Dayton city
2021,0,Ohio,Parma city
2021,0,Ohio,Parma city
2021,0,Ohio,Parma city
2021,0,Ohio,Parma city
2021,0,Ohio,Parma city
2021,0.333145466,Ohio,Toledo city
2021,0.428093523,Ohio,Toledo city
2021,0.379485789,Ohio,Toledo city
2021,0.358148158,Ohio,Toledo city
2021,0.235611653,Ohio,Toledo city
2021,0,Oklahoma,Broken Arrow city
2021,0,Oklahoma,Broken Arrow city
2021,0,Oklahoma,Broken Arrow city
2021,0,Oklahoma,Broken Arrow city
2021,0,Oklahoma,Broken Arrow city
2021,0.034044614,Oklahoma,Edmond city
2021,0.068329773,Oklahoma,Edmond city
2021,0.013136298,Oklahoma,Edmond city
2021,0.046412798,Oklahoma,Edmond city
2021,0.025409134,Oklahoma,Edmond city
2021,0.123728385,Oklahoma,Lawton city
2021,0.20857393,Oklahoma,Lawton city
2021,0.192585978,Oklahoma,Lawton city
2021,0.127163734,Oklahoma,Lawton city
2021,0.064602027,Oklahoma,Lawton city
2021,0.079303248,Oklahoma,Norman city
2021,0.042196919,Oklahoma,Norman city
2021,0.035925995,Oklahoma,Norman city
2021,0.064245831,Oklahoma,Norman city
2021,0.089146683,Oklahoma,Norman city
2021,0.130959415,Oklahoma,Oklahoma City city
2021,0.190554718,Oklahoma,Oklahoma City city
2021,0.143581396,Oklahoma,Oklahoma City city
2021,0.110118182,Oklahoma,Oklahoma City city
2021,0.07312613,Oklahoma,Oklahoma City city
2021,0.102676886,Oklahoma,Tulsa city
2021,0.129454057,Oklahoma,Tulsa city
2021,0.096882392,Oklahoma,Tulsa city
2021,0.119807817,Oklahoma,Tulsa city
2021,0.086716428,Oklahoma,Tulsa city
2021,0,Oregon,Beaverton city
2021,0,Oregon,Beaverton city
2021,0,Oregon,Beaverton city
2021,0,Oregon,Beaverton city
2021,0,Oregon,Beaverton city
2021,0,Oregon,Bend city
2021,0,Oregon,Bend city
2021,0,Oregon,Bend city
2021,0,Oregon,Bend city
2021,0,Oregon,Bend city
2021,0.241909216,Oregon,Eugene city
2021,0.037355079,Oregon,Eugene city
2021,0.188192356,Oregon,Eugene city
2021,0.221073896,Oregon,Eugene city
2021,0.254237026,Oregon,Eugene city
2021,0,Oregon,Gresham city
2021,0,Oregon,Gresham city
2021,0,Oregon,Gresham city
2021,0,Oregon,Gresham city
2021,0,Oregon,Gresham city
2021,0,Oregon,Hillsboro city
2021,0,Oregon,Hillsboro city
2021,0,Oregon,Hillsboro city
2021,0,Oregon,Hillsboro city
2021,0,Oregon,Hillsboro city
2021,0,Oregon,Medford city
2021,0,Oregon,Medford city
2021,0,Oregon,Medford city
2021,0,Oregon,Medford city
2021,0,Oregon,Medford city
2021,0.071350555,Oregon,Portland city
2021,0.159499707,Oregon,Portland city
2021,0.07514305,Oregon,Portland city
2021,0.083342789,Oregon,Portland city
2021,0.045866381,Oregon,Portland city
2021,0.036722906,Oregon,Salem city
2021,0,Oregon,Salem city
2021,0.048293391,Oregon,Salem city
2021,0.047610015,Oregon,Salem city
2021,0.028246432,Oregon,Salem city
2021,0.183132358,Pennsylvania,Allentown city
2021,0.201852292,Pennsylvania,Allentown city
2021,0.203688608,Pennsylvania,Allentown city
2021,0.196966788,Pennsylvania,Allentown city
2021,0.178266727,Pennsylvania,Allentown city
2021,0.131636339,Pennsylvania,Bethlehem city
2021,0.190786918,Pennsylvania,Bethlehem city
2021,0.059104374,Pennsylvania,Bethlehem city
2021,0.122602294,Pennsylvania,Bethlehem city
2021,0.185991335,Pennsylvania,Bethlehem city
2021,0.264312635,Pennsylvania,Erie city
2021,0.31,Pennsylvania,Erie city
2021,0.228816249,Pennsylvania,Erie city
2021,0.217963004,Pennsylvania,Erie city
2021,0.256721228,Pennsylvania,Erie city
2021,0.274980755,Pennsylvania,Philadelphia city
2021,0.267757295,Pennsylvania,Philadelphia city
2021,0.473932703,Pennsylvania,Philadelphia city
2021,0.366926331,Pennsylvania,Philadelphia city
2021,0.102173331,Pennsylvania,Philadelphia city
2021,0.288149,Pennsylvania,Pittsburgh city
2021,0.398488572,Pennsylvania,Pittsburgh city
2021,0.204693611,Pennsylvania,Pittsburgh city
2021,0.212620346,Pennsylvania,Pittsburgh city
2021,0.222064835,Pennsylvania,Pittsburgh city
2021,0.320489001,Pennsylvania,Reading city
2021,0.347585358,Pennsylvania,Reading city
2021,0.316060127,Pennsylvania,Reading city
2021,0.329033298,Pennsylvania,Reading city
2021,0.288719899,Pennsylvania,Reading city
2021,0.069040749,Pennsylvania,Scranton city
2021,0.043902439,Pennsylvania,Scranton city
2021,0.00832755,Pennsylvania,Scranton city
2021,0.009488309,Pennsylvania,Scranton city
2021,0.116615463,Pennsylvania,Scranton city
2021,0,Rhode Island,Cranston city
2021,0,Rhode Island,Cranston city
2021,0,Rhode Island,Cranston city
2021,0,Rhode Island,Cranston city
2021,0,Rhode Island,Cranston city
2021,0.113669195,Rhode Island,Pawtucket city
2021,0.095706156,Rhode Island,Pawtucket city
2021,0.143647738,Rhode Island,Pawtucket city
2021,0.128432432,Rhode Island,Pawtucket city
2021,0.095841366,Rhode Island,Pawtucket city
2021,0.148815571,Rhode Island,Providence city
2021,0.284750958,Rhode Island,Providence city
2021,0.164333653,Rhode Island,Providence city
2021,0.128103875,Rhode Island,Providence city
2021,0.040728254,Rhode Island,Providence city
2021,0,Rhode Island,Warwick city
2021,0,Rhode Island,Warwick city
2021,0,Rhode Island,Warwick city
2021,0,Rhode Island,Warwick city
2021,0,Rhode Island,Warwick city
2021,0.117356601,South Carolina,Charleston city
2021,0.033308045,South Carolina,Charleston city
2021,0.02040741,South Carolina,Charleston city
2021,0.058646917,South Carolina,Charleston city
2021,0.183630901,South Carolina,Charleston city
2021,0.379129798,South Carolina,Columbia city
2021,0.367958287,South Carolina,Columbia city
2021,0.27035377,South Carolina,Columbia city
2021,0.352638737,South Carolina,Columbia city
2021,0.401445131,South Carolina,Columbia city
2021,0,South Carolina,Mount Pleasant town
2021,0,South Carolina,Mount Pleasant town
2021,0,South Carolina,Mount Pleasant town
2021,0,South Carolina,Mount Pleasant town
2021,0,South Carolina,Mount Pleasant town
2021,0.05059847,South Carolina,North Charleston city
2021,0.091321572,South Carolina,North Charleston city
2021,0,South Carolina,North Charleston city
2021,6.94E-04,South Carolina,North Charleston city
2021,0.002668927,South Carolina,North Charleston city
2021,0,South Dakota,Sioux Falls city
2021,0,South Dakota,Sioux Falls city
2021,0,South Dakota,Sioux Falls city
2021,0,South Dakota,Sioux Falls city
2021,0,South Dakota,Sioux Falls city
2021,0.191480275,Tennessee,Chattanooga city
2021,0.280283623,Tennessee,Chattanooga city
2021,0.237950774,Tennessee,Chattanooga city
2021,0.196035303,Tennessee,Chattanooga city
2021,0.059342732,Tennessee,Chattanooga city
2021,0.088374587,Tennessee,Clarksville city
2021,0.165108579,Tennessee,Clarksville city
2021,0.225016362,Tennessee,Clarksville city
2021,0.112780372,Tennessee,Clarksville city
2021,0.034032019,Tennessee,Clarksville city
2021,0,Tennessee,Franklin city
2021,0,Tennessee,Franklin city
2021,0,Tennessee,Franklin city
2021,0,Tennessee,Franklin city
2021,0,Tennessee,Franklin city
2021,0.290870116,Tennessee,Knoxville city
2021,0.215858545,Tennessee,Knoxville city
2021,0.127922246,Tennessee,Knoxville city
2021,0.292553569,Tennessee,Knoxville city
2021,0.328089449,Tennessee,Knoxville city
2021,0.341894641,Tennessee,Memphis city
2021,0.376743545,Tennessee,Memphis city
2021,0.271961651,Tennessee,Memphis city
2021,0.285333773,Tennessee,Memphis city
2021,0.184774784,Tennessee,Memphis city
2021,0,Tennessee,Murfreesboro city
2021,0,Tennessee,Murfreesboro city
2021,0,Tennessee,Murfreesboro city
2021,0,Tennessee,Murfreesboro city
2021,0,Tennessee,Murfreesboro city
2021,0.073490132,Tennessee,Nashville-Davidson metropolitan government (balance)
2021,0.16043433,Tennessee,Nashville-Davidson metropolitan government (balance)
2021,0.009212868,Tennessee,Nashville-Davidson metropolitan government (balance)
2021,0.022045737,Tennessee,Nashville-Davidson metropolitan government (balance)
2021,0.015940069,Tennessee,Nashville-Davidson metropolitan government (balance)
2021,0.069772171,Texas,Abilene city
2021,0.053846675,Texas,Abilene city
2021,0.079271761,Texas,Abilene city
2021,0.084306883,Texas,Abilene city
2021,0.070707696,Texas,Abilene city
2021,0,Texas,Allen city
2021,0,Texas,Allen city
2021,0,Texas,Allen city
2021,0,Texas,Allen city
2021,0,Texas,Allen city
2021,0.107213234,Texas,Amarillo city
2021,0.164881143,Texas,Amarillo city
2021,0.179639174,Texas,Amarillo city
2021,0.069391847,Texas,Amarillo city
2021,0.01263863,Texas,Amarillo city
2021,0.118459275,Texas,Arlington city
2021,0.113711259,Texas,Arlington city
2021,0.113105273,Texas,Arlington city
2021,0.213966874,Texas,Arlington city
2021,0.076692909,Texas,Arlington city
2021,0.124818393,Texas,Austin city
2021,0.086373557,Texas,Austin city
2021,0.101882761,Texas,Austin city
2021,0.165668683,Texas,Austin city
2021,0.124948777,Texas,Austin city
2021,0,Texas,Baytown city
2021,0,Texas,Baytown city
2021,0,Texas,Baytown city
2021,0,Texas,Baytown city
2021,0,Texas,Baytown city
2021,0.188117055,Texas,Beaumont city
2021,0.244862813,Texas,Beaumont city
2021,0.119869172,Texas,Beaumont city
2021,0.166959986,Texas,Beaumont city
2021,0.056626378,Texas,Beaumont city
2021,0.321926288,Texas,Brownsville city
2021,0,Texas,Brownsville city
2021,0.326433836,Texas,Brownsville city
2021,0.255587804,Texas,Brownsville city
2021,0.122062888,Texas,Brownsville city
2021,0.397345811,Texas,Bryan city
2021,0.321245699,Texas,Bryan city
2021,0.395331239,Texas,Bryan city
2021,0.401645225,Texas,Bryan city
2021,0.475257663,Texas,Bryan city
2021,0,Texas,Carrollton city
2021,0,Texas,Carrollton city
2021,0,Texas,Carrollton city
2021,0,Texas,Carrollton city
2021,0,Texas,Carrollton city
2021,0,Texas,Cedar Park city
2021,0,Texas,Cedar Park city
2021,0,Texas,Cedar Park city
2021,0,Texas,Cedar Park city
2021,0,Texas,Cedar Park city
2021,0.609026605,Texas,College Station city
2021,0.733467837,Texas,College Station city
2021,0.564245495,Texas,College Station city
2021,0.693687773,Texas,College Station city
2021,0.581711026,Texas,College Station city
2021,0,Texas,Conroe city
2021,0,Texas,Conroe city
2021,0,Texas,Conroe city
2021,0,Texas,Conroe city
2021,0,Texas,Conroe city
2021,0.112319513,Texas,Corpus Christi city
2021,0.070102483,Texas,Corpus Christi city
2021,0.129081607,Texas,Corpus Christi city
2021,0.137331784,Texas,Corpus Christi city
2021,0.057893391,Texas,Corpus Christi city
2021,0.112088838,Texas,Dallas city
2021,0.177080722,Texas,Dallas city
2021,0.096656351,Texas,Dallas city
2021,0.10254631,Texas,Dallas city
2021,0.02497056,Texas,Dallas city
2021,0.177435022,Texas,Denton city
2021,0.557489122,Texas,Denton city
2021,0.146681721,Texas,Denton city
2021,0.097675381,Texas,Denton city
2021,0.092432281,Texas,Denton city
2021,0.116340302,Texas,Edinburg city
2021,0,Texas,Edinburg city
2021,0.11573199,Texas,Edinburg city
2021,0.184014542,Texas,Edinburg city
2021,0.138611259,Texas,Edinburg city
2021,0.150535719,Texas,El Paso city
2021,0.177995406,Texas,El Paso city
2021,0.155364466,Texas,El Paso city
2021,0.194559952,Texas,El Paso city
2021,0.053601711,Texas,El Paso city
2021,0,Texas,Flower Mound town
2021,0,Texas,Flower Mound town
2021,0,Texas,Flower Mound town
2021,0,Texas,Flower Mound town
2021,0,Texas,Flower Mound town
2021,0.130734869,Texas,Fort Worth city
2021,0.177727838,Texas,Fort Worth city
2021,0.121620736,Texas,Fort Worth city
2021,0.083611318,Texas,Fort Worth city
2021,0.113722272,Texas,Fort Worth city
2021,0,Texas,Frisco city
2021,0,Texas,Frisco city
2021,0,Texas,Frisco city
2021,0,Texas,Frisco city
2021,0,Texas,Frisco city
2021,0,Texas,Garland city
2021,0,Texas,Garland city
2021,0,Texas,Garland city
2021,0,Texas,Garland city
2021,0,Texas,Garland city
2021,0,Texas,Grand Prairie city
2021,0,Texas,Grand Prairie city
2021,0,Texas,Grand Prairie city
2021,0,Texas,Grand Prairie city
2021,0,Texas,Grand Prairie city
2021,0.166264027,Texas,Houston city
2021,0.2377297,Texas,Houston city
2021,0.158785541,Texas,Houston city
2021,0.145689745,Texas,Houston city
2021,0.069954326,Texas,Houston city
2021,0,Texas,Irving city
2021,0,Texas,Irving city
2021,0,Texas,Irving city
2021,0,Texas,Irving city
2021,0,Texas,Irving city
2021,0,Texas,Killeen city
2021,0,Texas,Killeen city
2021,0,Texas,Killeen city
2021,0,Texas,Killeen city
2021,0,Texas,Killeen city
2021,0.191911615,Texas,Laredo city
2021,0.353846154,Texas,Laredo city
2021,0.18148996,Texas,Laredo city
2021,0.181968046,Texas,Laredo city
2021,0.475531459,Texas,Laredo city
2021,0,Texas,League City city
2021,0,Texas,League City city
2021,0,Texas,League City city
2021,0,Texas,League City city
2021,0,Texas,League City city
2021,0.090640095,Texas,Lewisville city
2021,0,Texas,Lewisville city
2021,0.227856741,Texas,Lewisville city
2021,0.345473777,Texas,Lewisville city
2021,0,Texas,Lewisville city
2021,0,Texas,Longview city
2021,0,Texas,Longview city
2021,0,Texas,Longview city
2021,0,Texas,Longview city
2021,0,Texas,Longview city
2021,0.107286832,Texas,Lubbock city
2021,0.18086366,Texas,Lubbock city
2021,0.060488253,Texas,Lubbock city
2021,0.107041745,Texas,Lubbock city
2021,0.134213105,Texas,Lubbock city
2021,0.326010519,Texas,McAllen city
2021,0.921762368,Texas,McAllen city
2021,0.337314725,Texas,McAllen city
2021,0.324337917,Texas,McAllen city
2021,0.024685544,Texas,McAllen city
2021,0,Texas,McKinney city
2021,0,Texas,McKinney city
2021,0,Texas,McKinney city
2021,0,Texas,McKinney city
2021,0,Texas,McKinney city
2021,0.01432617,Texas,Mesquite city
2021,0.026259401,Texas,Mesquite city
2021,0.011419826,Texas,Mesquite city
2021,0.011044498,Texas,Mesquite city
2021,0.00509072,Texas,Mesquite city
2021,0,Texas,Midland city
2021,0,Texas,Midland city
2021,0,Texas,Midland city
2021,0,Texas,Midland city
2021,0,Texas,Midland city
2021,0.095667143,Texas,Mission city
2021,0.154234335,Texas,Mission city
2021,0.100385509,Texas,Mission city
2021,0.062967744,Texas,Mission city
2021,0,Texas,Mission city
2021,0,Texas,New Braunfels city
2021,0,Texas,New Braunfels city
2021,0,Texas,New Braunfels city
2021,0,Texas,New Braunfels city
2021,0,Texas,New Braunfels city
2021,0,Texas,Odessa city
2021,0,Texas,Odessa city
2021,0,Texas,Odessa city
2021,0,Texas,Odessa city
2021,0,Texas,Odessa city
2021,0.051073899,Texas,Pasadena city
2021,0,Texas,Pasadena city
2021,0.057463479,Texas,Pasadena city
2021,0.033437471,Texas,Pasadena city
2021,0.038108783,Texas,Pasadena city
2021,0,Texas,Pearland city
2021,0,Texas,Pearland city
2021,0,Texas,Pearland city
2021,0,Texas,Pearland city
2021,0,Texas,Pearland city
2021,0.437492858,Texas,Pharr city
2021,1,Texas,Pharr city
2021,0.434704222,Texas,Pharr city
2021,0.544243836,Texas,Pharr city
2021,0.551533437,Texas,Pharr city
2021,0,Texas,Plano city
2021,0,Texas,Plano city
2021,0,Texas,Plano city
2021,0,Texas,Plano city
2021,0,Texas,Plano city
2021,0.155553467,Texas,Richardson city
2021,0.041503213,Texas,Richardson city
2021,0.077853608,Texas,Richardson city
2021,0.210763386,Texas,Richardson city
2021,0.153699022,Texas,Richardson city
2021,0,Texas,Round Rock city
2021,0,Texas,Round Rock city
2021,0,Texas,Round Rock city
2021,0,Texas,Round Rock city
2021,0,Texas,Round Rock city
2021,0,Texas,San Angelo city
2021,0,Texas,San Angelo city
2021,0,Texas,San Angelo city
2021,0,Texas,San Angelo city
2021,0,Texas,San Angelo city
2021,0.088332083,Texas,San Antonio city
2021,0.142134928,Texas,San Antonio city
2021,0.092318702,Texas,San Antonio city
2021,0.067212064,Texas,San Antonio city
2021,0.043682157,Texas,San Antonio city
2021,0,Texas,Sugar Land city
2021,0,Texas,Sugar Land city
2021,0,Texas,Sugar Land city
2021,0,Texas,Sugar Land city
2021,0,Texas,Sugar Land city
2021,0.098368136,Texas,Temple city
2021,0.162604376,Texas,Temple city
2021,0.114886486,Texas,Temple city
2021,0.22946568,Texas,Temple city
2021,0.038760205,Texas,Temple city
2021,0,Texas,Tyler city
2021,0,Texas,Tyler city
2021,0,Texas,Tyler city
2021,0,Texas,Tyler city
2021,0,Texas,Tyler city
2021,0.42766887,Texas,Waco city
2021,0.445498575,Texas,Waco city
2021,0.209217907,Texas,Waco city
2021,0.334359372,Texas,Waco city
2021,0.59531983,Texas,Waco city
2021,0.151038845,Texas,Wichita Falls city
2021,0.343063532,Texas,Wichita Falls city
2021,0.149538778,Texas,Wichita Falls city
2021,0.186975444,Texas,Wichita Falls city
2021,0.092791668,Texas,Wichita Falls city
2021,0,Utah,Layton city
2021,0,Utah,Layton city
2021,0,Utah,Layton city
2021,0,Utah,Layton city
2021,0,Utah,Layton city
2021,0,Utah,Lehi city
2021,0,Utah,Lehi city
2021,0,Utah,Lehi city
2021,0,Utah,Lehi city
2021,0,Utah,Lehi city
2021,0,Utah,Ogden city
2021,0,Utah,Ogden city
2021,0,Utah,Ogden city
2021,0,Utah,Ogden city
2021,0,Utah,Ogden city
2021,0,Utah,Orem city
2021,NA,Utah,Orem city
2021,0,Utah,Orem city
2021,0,Utah,Orem city
2021,0,Utah,Orem city
2021,0.472135483,Utah,Provo city
2021,0.20465509,Utah,Provo city
2021,0.31862889,Utah,Provo city
2021,0.350567712,Utah,Provo city
2021,0.529065493,Utah,Provo city
2021,0,Utah,St. George city
2021,0,Utah,St. George city
2021,0,Utah,St. George city
2021,0,Utah,St. George city
2021,0,Utah,St. George city
2021,0.020501218,Utah,Salt Lake City city
2021,0,Utah,Salt Lake City city
2021,0.004840413,Utah,Salt Lake City city
2021,0.035400435,Utah,Salt Lake City city
2021,0.016654464,Utah,Salt Lake City city
2021,0,Utah,Sandy city
2021,0,Utah,Sandy city
2021,0,Utah,Sandy city
2021,0,Utah,Sandy city
2021,0,Utah,Sandy city
2021,0,Utah,South Jordan city
2021,NA,Utah,South Jordan city
2021,0,Utah,South Jordan city
2021,0,Utah,South Jordan city
2021,0,Utah,South Jordan city
2021,0,Utah,West Jordan city
2021,0,Utah,West Jordan city
2021,0,Utah,West Jordan city
2021,0,Utah,West Jordan city
2021,0,Utah,West Jordan city
2021,0,Utah,West Valley City city
2021,0,Utah,West Valley City city
2021,0,Utah,West Valley City city
2021,0,Utah,West Valley City city
2021,0,Utah,West Valley City city
2021,0.129449407,Virginia,Alexandria city
2021,0.026246719,Virginia,Alexandria city
2021,0.328540618,Virginia,Alexandria city
2021,0.229793233,Virginia,Alexandria city
2021,0.012767316,Virginia,Alexandria city
2021,0.073266916,Virginia,Chesapeake city
2021,0.098262309,Virginia,Chesapeake city
2021,0.003458498,Virginia,Chesapeake city
2021,0.123492723,Virginia,Chesapeake city
2021,0.025140942,Virginia,Chesapeake city
2021,0.088768307,Virginia,Hampton city
2021,0.11208911,Virginia,Hampton city
2021,0.004,Virginia,Hampton city
2021,0.089639115,Virginia,Hampton city
2021,0.021936099,Virginia,Hampton city
2021,0.100800132,Virginia,Lynchburg city
2021,0.192569432,Virginia,Lynchburg city
2021,0.022617124,Virginia,Lynchburg city
2021,0.022364217,Virginia,Lynchburg city
2021,0.027673193,Virginia,Lynchburg city
2021,0.145824365,Virginia,Newport News city
2021,0.220424671,Virginia,Newport News city
2021,0.016144349,Virginia,Newport News city
2021,0.067017083,Virginia,Newport News city
2021,0.047619048,Virginia,Newport News city
2021,0.18916946,Virginia,Norfolk city
2021,0.233445467,Virginia,Norfolk city
2021,0.052356021,Virginia,Norfolk city
2021,0.143787913,Virginia,Norfolk city
2021,0.111111111,Virginia,Norfolk city
2021,0.172083178,Virginia,Portsmouth city
2021,0.223276177,Virginia,Portsmouth city
2021,0.052269601,Virginia,Portsmouth city
2021,0.134794157,Virginia,Portsmouth city
2021,0.028554607,Virginia,Portsmouth city
2021,0.237273088,Virginia,Richmond city
2021,0.29577157,Virginia,Richmond city
2021,0.06733394,Virginia,Richmond city
2021,0.129319106,Virginia,Richmond city
2021,0.149529747,Virginia,Richmond city
2021,0.081019673,Virginia,Roanoke city
2021,0.136689655,Virginia,Roanoke city
2021,0.010006254,Virginia,Roanoke city
2021,0.14254062,Virginia,Roanoke city
2021,0.011200422,Virginia,Roanoke city
2021,0,Virginia,Suffolk city
2021,0,Virginia,Suffolk city
2021,0,Virginia,Suffolk city
2021,0,Virginia,Suffolk city
2021,0,Virginia,Suffolk city
2021,0.047131792,Virginia,Virginia Beach city
2021,0.125135926,Virginia,Virginia Beach city
2021,0.01176759,Virginia,Virginia Beach city
2021,0.005247622,Virginia,Virginia Beach city
2021,0.006837718,Virginia,Virginia Beach city
2021,0,Washington,Auburn city
2021,0,Washington,Auburn city
2021,0,Washington,Auburn city
2021,0,Washington,Auburn city
2021,0,Washington,Auburn city
2021,0,Washington,Bellevue city
2021,0,Washington,Bellevue city
2021,0,Washington,Bellevue city
2021,0,Washington,Bellevue city
2021,0,Washington,Bellevue city
2021,0.312673399,Washington,Bellingham city
2021,0.475271908,Washington,Bellingham city
2021,0.184947979,Washington,Bellingham city
2021,0.370099786,Washington,Bellingham city
2021,0.313534055,Washington,Bellingham city
2021,0,Washington,Everett city
2021,0,Washington,Everett city
2021,0,Washington,Everett city
2021,0,Washington,Everett city
2021,0,Washington,Everett city
2021,0,Washington,Federal Way city
2021,0,Washington,Federal Way city
2021,0,Washington,Federal Way city
2021,0,Washington,Federal Way city
2021,0,Washington,Federal Way city
2021,0.130149037,Washington,Kennewick city
2021,0,Washington,Kennewick city
2021,0.137706145,Washington,Kennewick city
2021,0.167887829,Washington,Kennewick city
2021,0.096550616,Washington,Kennewick city
2021,0,Washington,Kent city
2021,0,Washington,Kent city
2021,0,Washington,Kent city
2021,0,Washington,Kent city
2021,0,Washington,Kent city
2021,0,Washington,Kirkland city
2021,0,Washington,Kirkland city
2021,0,Washington,Kirkland city
2021,0,Washington,Kirkland city
2021,0,Washington,Kirkland city
2021,0.131496196,Washington,Pasco city
2021,0.317458199,Washington,Pasco city
2021,0.14115337,Washington,Pasco city
2021,0.076652524,Washington,Pasco city
2021,0.078340794,Washington,Pasco city
2021,0,Washington,Renton city
2021,0,Washington,Renton city
2021,0,Washington,Renton city
2021,0,Washington,Renton city
2021,0,Washington,Renton city
2021,0.070674343,Washington,Seattle city
2021,0.034579159,Washington,Seattle city
2021,0.041369185,Washington,Seattle city
2021,0.096870869,Washington,Seattle city
2021,0.062110269,Washington,Seattle city
2021,0.145527065,Washington,Spokane city
2021,0.171703422,Washington,Spokane city
2021,0.125167501,Washington,Spokane city
2021,0.138566292,Washington,Spokane city
2021,0.147985934,Washington,Spokane city
2021,0,Washington,Spokane Valley city
2021,0,Washington,Spokane Valley city
2021,0,Washington,Spokane Valley city
2021,0,Washington,Spokane Valley city
2021,0,Washington,Spokane Valley city
2021,0,Washington,Tacoma city
2021,0,Washington,Tacoma city
2021,0,Washington,Tacoma city
2021,0,Washington,Tacoma city
2021,0,Washington,Tacoma city
2021,0,Washington,Vancouver city
2021,0,Washington,Vancouver city
2021,0,Washington,Vancouver city
2021,0,Washington,Vancouver city
2021,0,Washington,Vancouver city
2021,0,Washington,Yakima city
2021,0,Washington,Yakima city
2021,0,Washington,Yakima city
2021,0,Washington,Yakima city
2021,0,Washington,Yakima city
2021,0,Wisconsin,Appleton city
2021,0,Wisconsin,Appleton city
2021,0,Wisconsin,Appleton city
2021,0,Wisconsin,Appleton city
2021,0,Wisconsin,Appleton city
2021,0,Wisconsin,Green Bay city
2021,0,Wisconsin,Green Bay city
2021,0,Wisconsin,Green Bay city
2021,0,Wisconsin,Green Bay city
2021,0,Wisconsin,Green Bay city
2021,0,Wisconsin,Kenosha city
2021,0,Wisconsin,Kenosha city
2021,0,Wisconsin,Kenosha city
2021,0,Wisconsin,Kenosha city
2021,0,Wisconsin,Kenosha city
2021,0.406295822,Wisconsin,Madison city
2021,0.104462898,Wisconsin,Madison city
2021,0.142019929,Wisconsin,Madison city
2021,0.344239043,Wisconsin,Madison city
2021,0.484176621,Wisconsin,Madison city
2021,0.305411428,Wisconsin,Milwaukee city
2021,0.33681073,Wisconsin,Milwaukee city
2021,0.292689156,Wisconsin,Milwaukee city
2021,0.313775177,Wisconsin,Milwaukee city
2021,0.210589803,Wisconsin,Milwaukee city
2021,0.099790743,Wisconsin,Racine city
2021,0.190357649,Wisconsin,Racine city
2021,0.052749429,Wisconsin,Racine city
2021,0.057824726,Wisconsin,Racine city
2021,0.061336916,Wisconsin,Racine city